transaction_id,customer_id,amount,timestamp,transaction_type,merchant_category,location,device_type,is_fraud
TXN000001,CUST0053,5993.43,2025-11-27 16:17:15.768965,Purchase,Online,Mumbai,Mobile,0
TXN000002,CUST0001,4723.47,2026-01-27 16:17:15.768997,Purchase,Travel,Mumbai,Mobile,0
TXN000003,CUST0134,6295.38,2026-01-28 16:17:15.769011,Transfer,Travel,Mumbai,Mobile,0
TXN000004,CUST0059,8046.06,2025-11-22 16:17:15.769022,Purchase,Retail,Mumbai,Mobile,0
TXN000005,CUST0103,4531.69,2025-12-18 16:17:15.769030,Purchase,Online,Mumbai,Mobile,0
TXN000006,CUST0170,4531.73,2025-11-30 16:17:15.769038,Transfer,Food,Mumbai,Mobile,0
TXN000007,CUST0015,8158.43,2026-02-10 16:17:15.769046,Purchase,Retail,Mumbai,Mobile,0
TXN000008,CUST0185,6534.87,2025-12-03 16:17:15.769062,Withdrawal,Travel,Mumbai,Mobile,0
TXN000009,CUST0148,4061.05,2025-12-17 16:17:15.769075,Withdrawal,Food,Mumbai,Mobile,0
TXN000010,CUST0131,6085.12,2026-01-13 16:17:15.769083,Transfer,Retail,Mumbai,Mobile,0
TXN000011,CUST0171,4073.16,2026-01-05 16:17:15.769091,Withdrawal,Retail,Mumbai,Mobile,0
TXN000012,CUST0050,4068.54,2025-12-13 16:17:15.769099,Purchase,Food,Mumbai,Mobile,0
TXN000013,CUST0070,5483.92,2026-02-10 16:17:15.769109,Purchase,Travel,Mumbai,Mobile,0
TXN000014,CUST0075,1173.44,2026-01-24 16:17:15.769116,Withdrawal,Travel,Mumbai,Mobile,0
TXN000015,CUST0149,1550.16,2025-11-27 16:17:15.769123,Purchase,Online,Mumbai,Mobile,0
TXN000016,CUST0067,3875.42,2025-12-16 16:17:15.769139,Transfer,Retail,Mumbai,Mobile,0
TXN000017,CUST0138,2974.34,2026-01-14 16:17:15.769147,Purchase,Food,Mumbai,Mobile,0
TXN000018,CUST0135,5628.49,2025-12-18 16:17:15.769155,Withdrawal,Travel,Mumbai,Mobile,0
TXN000019,CUST0037,3183.95,2025-12-09 16:17:15.769162,Purchase,Retail,Mumbai,Mobile,0
TXN000020,CUST0020,2175.39,2025-12-22 16:17:15.769170,Purchase,Online,Mumbai,Mobile,0
TXN000021,CUST0142,7931.3,2025-12-16 16:17:15.769177,Withdrawal,Travel,Mumbai,Mobile,0
TXN000022,CUST0009,4548.45,2025-11-22 16:17:15.769184,Purchase,Travel,Mumbai,Mobile,0
TXN000023,CUST0003,5135.06,2025-11-16 16:17:15.769192,Transfer,Travel,Mumbai,Mobile,0
TXN000024,CUST0192,2150.5,2025-12-20 16:17:15.769199,Withdrawal,Online,Mumbai,Mobile,0
TXN000025,CUST0082,3911.23,2025-12-14 16:17:15.769206,Transfer,Retail,Mumbai,Mobile,0
TXN000026,CUST0081,5221.85,2025-11-20 16:17:15.769214,Transfer,Food,Mumbai,Mobile,0
TXN000027,CUST0128,2698.01,2026-01-03 16:17:15.769221,Transfer,Travel,Mumbai,Mobile,0
TXN000028,CUST0002,5751.4,2026-02-11 16:17:15.769228,Withdrawal,Food,Mumbai,Mobile,0
TXN000029,CUST0063,3798.72,2026-01-11 16:17:15.769237,Withdrawal,Retail,Mumbai,Mobile,0
TXN000030,CUST0121,4416.61,2025-12-15 16:17:15.769248,Transfer,Food,Mumbai,Mobile,0
TXN000031,CUST0071,3796.59,2025-12-11 16:17:15.769255,Withdrawal,Online,Mumbai,Mobile,0
TXN000032,CUST0111,8704.56,2025-12-28 16:17:15.769265,Withdrawal,Online,Mumbai,Mobile,0
TXN000033,CUST0079,4973.01,2025-12-13 16:17:15.769272,Withdrawal,Food,Mumbai,Mobile,0
TXN000034,CUST0149,2884.58,2026-02-06 16:17:15.769279,Transfer,Retail,Mumbai,Mobile,0
TXN000035,CUST0059,6645.09,2026-01-24 16:17:15.769287,Withdrawal,Food,Mumbai,Mobile,0
TXN000036,CUST0010,2558.31,2025-11-15 16:17:15.769295,Withdrawal,Travel,Mumbai,Mobile,0
TXN000037,CUST0188,5417.73,2025-12-30 16:17:15.769302,Purchase,Travel,Mumbai,Mobile,0
TXN000038,CUST0103,1080.66,2025-12-28 16:17:15.769310,Withdrawal,Retail,Mumbai,Mobile,0
TXN000039,CUST0019,2343.63,2025-11-13 16:17:15.769317,Transfer,Retail,Mumbai,Mobile,0
TXN000040,CUST0069,5393.72,2025-11-25 16:17:15.769331,Withdrawal,Online,Mumbai,Mobile,0
TXN000041,CUST0004,6476.93,2025-12-04 16:17:15.769338,Transfer,Travel,Mumbai,Mobile,0
TXN000042,CUST0004,5342.74,2025-12-12 16:17:15.769344,Purchase,Retail,Mumbai,Mobile,0
TXN000043,CUST0074,4768.7,2025-12-28 16:17:15.769350,Transfer,Retail,Mumbai,Mobile,0
TXN000044,CUST0141,4397.79,2025-12-17 16:17:15.769357,Withdrawal,Retail,Mumbai,Mobile,0
TXN000045,CUST0152,2042.96,2025-12-05 16:17:15.769363,Purchase,Travel,Mumbai,Mobile,0
TXN000046,CUST0131,3560.31,2025-11-29 16:17:15.769369,Withdrawal,Travel,Mumbai,Mobile,0
TXN000047,CUST0162,4078.72,2025-12-08 16:17:15.769376,Transfer,Food,Mumbai,Mobile,0
TXN000048,CUST0073,7114.24,2025-11-24 16:17:15.769383,Purchase,Retail,Mumbai,Mobile,0
TXN000049,CUST0048,5687.24,2026-01-07 16:17:15.769389,Purchase,Online,Mumbai,Mobile,0
TXN000050,CUST0161,1473.92,2026-01-01 16:17:15.769395,Withdrawal,Food,Mumbai,Mobile,0
TXN000051,CUST0059,5648.17,2026-01-20 16:17:15.769401,Transfer,Online,Mumbai,Mobile,0
TXN000052,CUST0073,4229.84,2026-01-07 16:17:15.769410,Transfer,Retail,Mumbai,Mobile,0
TXN000053,CUST0154,3646.16,2025-12-29 16:17:15.769419,Withdrawal,Retail,Mumbai,Mobile,0
TXN000054,CUST0058,6223.35,2025-12-02 16:17:15.769425,Withdrawal,Food,Mumbai,Mobile,0
TXN000055,CUST0031,7062.0,2025-12-03 16:17:15.769432,Withdrawal,Food,Mumbai,Mobile,0
TXN000056,CUST0060,6862.56,2026-01-20 16:17:15.769438,Transfer,Food,Mumbai,Mobile,0
TXN000057,CUST0078,3321.56,2026-01-22 16:17:15.769444,Transfer,Travel,Mumbai,Mobile,0
TXN000058,CUST0040,4381.58,2026-01-30 16:17:15.769450,Purchase,Food,Mumbai,Mobile,0
TXN000059,CUST0094,5662.53,2026-02-02 16:17:15.769456,Withdrawal,Travel,Mumbai,Mobile,0
TXN000060,CUST0035,6951.09,2026-02-01 16:17:15.769463,Purchase,Online,Mumbai,Mobile,0
TXN000061,CUST0150,4041.65,2026-02-02 16:17:15.769469,Purchase,Travel,Mumbai,Mobile,0
TXN000062,CUST0011,4628.68,2026-01-27 16:17:15.769475,Transfer,Travel,Mumbai,Mobile,0
TXN000063,CUST0147,2787.33,2025-12-30 16:17:15.769481,Transfer,Online,Mumbai,Mobile,0
TXN000064,CUST0057,2607.59,2025-11-14 16:17:15.769487,Transfer,Travel,Mumbai,Mobile,0
TXN000065,CUST0100,6625.05,2025-12-02 16:17:15.769494,Transfer,Online,Mumbai,Mobile,0
TXN000066,CUST0061,7712.48,2025-11-15 16:17:15.769501,Withdrawal,Online,Mumbai,Mobile,0
TXN000067,CUST0164,4855.98,2026-01-07 16:17:15.769548,Withdrawal,Food,Mumbai,Mobile,0
TXN000068,CUST0130,7007.07,2026-01-02 16:17:15.769555,Transfer,Food,Mumbai,Mobile,0
TXN000069,CUST0111,5723.27,2026-01-18 16:17:15.769561,Transfer,Travel,Mumbai,Mobile,0
TXN000070,CUST0066,3709.76,2025-12-01 16:17:15.769567,Purchase,Food,Mumbai,Mobile,0
TXN000071,CUST0172,5722.79,2026-01-08 16:17:15.769577,Transfer,Travel,Mumbai,Mobile,0
TXN000072,CUST0024,8076.07,2025-12-25 16:17:15.769583,Withdrawal,Food,Mumbai,Mobile,0
TXN000073,CUST0159,4928.35,2026-02-11 16:17:15.769589,Withdrawal,Food,Mumbai,Mobile,0
TXN000074,CUST0044,8129.29,2026-01-02 16:17:15.769596,Withdrawal,Retail,Mumbai,Mobile,0
TXN000075,CUST0195,100.0,2025-12-03 16:17:15.769655,Transfer,Food,Mumbai,Mobile,0
TXN000076,CUST0154,6643.81,2025-12-10 16:17:15.769663,Purchase,Food,Mumbai,Mobile,0
TXN000077,CUST0141,5174.09,2025-11-23 16:17:15.769669,Transfer,Travel,Mumbai,Mobile,0
TXN000078,CUST0118,4401.99,2025-12-07 16:17:15.769676,Withdrawal,Food,Mumbai,Mobile,0
TXN000079,CUST0132,5183.52,2025-11-28 16:17:15.769683,Withdrawal,Food,Mumbai,Mobile,0
TXN000080,CUST0191,1024.86,2025-12-05 16:17:15.769689,Withdrawal,Food,Mumbai,Mobile,0
TXN000081,CUST0126,4560.66,2026-01-07 16:17:15.769696,Purchase,Travel,Mumbai,Mobile,0
TXN000082,CUST0097,5714.23,2026-01-22 16:17:15.769704,Transfer,Food,Mumbai,Mobile,0
TXN000083,CUST0047,7955.79,2026-02-05 16:17:15.769711,Purchase,Travel,Mumbai,Mobile,0
TXN000084,CUST0081,3963.46,2026-01-31 16:17:15.769718,Withdrawal,Food,Mumbai,Mobile,0
TXN000085,CUST0109,3383.01,2026-02-03 16:17:15.769726,Purchase,Travel,Mumbai,Mobile,0
TXN000086,CUST0043,3996.49,2025-11-24 16:17:15.769734,Withdrawal,Travel,Mumbai,Mobile,0
TXN000087,CUST0125,6830.8,2026-02-09 16:17:15.769741,Purchase,Online,Mumbai,Mobile,0
TXN000088,CUST0071,5657.5,2025-11-18 16:17:15.769748,Withdrawal,Food,Mumbai,Mobile,0
TXN000089,CUST0082,3940.48,2025-12-21 16:17:15.769754,Withdrawal,Travel,Mumbai,Mobile,0
TXN000090,CUST0166,6026.53,2025-11-23 16:17:15.769760,Purchase,Retail,Mumbai,Mobile,0
TXN000091,CUST0128,5194.16,2025-11-15 16:17:15.769769,Transfer,Retail,Mumbai,Mobile,0
TXN000092,CUST0196,6937.29,2025-12-02 16:17:15.769775,Purchase,Online,Mumbai,Mobile,0
TXN000093,CUST0122,3595.89,2025-11-26 16:17:15.769784,Withdrawal,Travel,Mumbai,Mobile,0
TXN000094,CUST0062,4344.68,2025-12-08 16:17:15.769790,Purchase,Food,Mumbai,Mobile,0
TXN000095,CUST0111,4215.78,2026-02-04 16:17:15.769796,Withdrawal,Online,Mumbai,Mobile,0
TXN000096,CUST0100,2072.97,2025-12-15 16:17:15.769802,Withdrawal,Online,Mumbai,Mobile,0
TXN000097,CUST0075,5592.24,2025-12-13 16:17:15.769809,Withdrawal,Retail,Mumbai,Mobile,0
TXN000098,CUST0096,5522.11,2026-01-04 16:17:15.769815,Purchase,Travel,Mumbai,Mobile,0
TXN000099,CUST0064,5010.23,2026-01-30 16:17:15.769821,Withdrawal,Retail,Mumbai,Mobile,0
TXN000100,CUST0102,4530.83,2026-01-15 16:17:15.769827,Transfer,Retail,Mumbai,Mobile,0
TXN000101,CUST0044,2169.26,2025-12-10 16:17:15.769834,Transfer,Retail,Mumbai,Mobile,0
TXN000102,CUST0198,4158.71,2025-11-26 16:17:15.769841,Purchase,Food,Mumbai,Mobile,0
TXN000103,CUST0077,4314.57,2025-12-22 16:17:15.769847,Transfer,Travel,Mumbai,Mobile,0
TXN000104,CUST0112,3395.45,2025-12-15 16:17:15.769853,Withdrawal,Travel,Mumbai,Mobile,0
TXN000105,CUST0167,4677.43,2025-12-24 16:17:15.769860,Purchase,Travel,Mumbai,Mobile,0
TXN000106,CUST0142,5808.1,2025-11-30 16:17:15.769866,Transfer,Food,Mumbai,Mobile,0
TXN000107,CUST0187,8772.37,2025-12-31 16:17:15.769872,Purchase,Online,Mumbai,Mobile,0
TXN000108,CUST0015,5349.16,2025-12-22 16:17:15.769878,Purchase,Online,Mumbai,Mobile,0
TXN000109,CUST0048,5515.1,2025-12-29 16:17:15.769884,Purchase,Food,Mumbai,Mobile,0
TXN000110,CUST0054,4851.11,2025-11-24 16:17:15.769893,Purchase,Online,Mumbai,Mobile,0
TXN000111,CUST0089,1162.46,2026-01-04 16:17:15.769901,Purchase,Travel,Mumbai,Mobile,0
TXN000112,CUST0010,4946.97,2025-12-13 16:17:15.769908,Purchase,Travel,Mumbai,Mobile,0
TXN000113,CUST0132,5120.46,2025-11-28 16:17:15.769915,Purchase,Retail,Mumbai,Mobile,0
TXN000114,CUST0039,9926.48,2026-02-01 16:17:15.769923,Purchase,Retail,Mumbai,Mobile,0
TXN000115,CUST0048,4615.28,2025-12-15 16:17:15.769931,Transfer,Online,Mumbai,Mobile,0
TXN000116,CUST0093,5603.09,2025-12-23 16:17:15.769940,Purchase,Retail,Mumbai,Mobile,0
TXN000117,CUST0182,4930.58,2026-01-04 16:17:15.769947,Withdrawal,Retail,Mumbai,Mobile,0
TXN000118,CUST0080,2662.64,2026-01-15 16:17:15.769954,Purchase,Travel,Mumbai,Mobile,0
TXN000119,CUST0106,7285.65,2026-01-24 16:17:15.769961,Withdrawal,Food,Mumbai,Mobile,0
TXN000120,CUST0129,6503.87,2025-12-17 16:17:15.769968,Purchase,Online,Mumbai,Mobile,0
TXN000121,CUST0194,6582.06,2026-01-25 16:17:15.769975,Purchase,Food,Mumbai,Mobile,0
TXN000122,CUST0064,3181.23,2025-11-29 16:17:15.769982,Withdrawal,Travel,Mumbai,Mobile,0
TXN000123,CUST0157,7805.59,2025-11-27 16:17:15.769989,Transfer,Retail,Mumbai,Mobile,0
TXN000124,CUST0006,2196.3,2025-12-18 16:17:15.769996,Purchase,Food,Mumbai,Mobile,0
TXN000125,CUST0199,6173.71,2025-11-21 16:17:15.770006,Transfer,Travel,Mumbai,Mobile,0
TXN000126,CUST0179,9380.91,2026-01-21 16:17:15.770012,Transfer,Food,Mumbai,Mobile,0
TXN000127,CUST0162,3018.93,2026-01-16 16:17:15.770019,Transfer,Online,Mumbai,Mobile,0
TXN000128,CUST0174,3867.4,2026-01-27 16:17:15.770026,Transfer,Travel,Mumbai,Mobile,0
TXN000129,CUST0193,5199.3,2026-01-04 16:17:15.770033,Withdrawal,Travel,Mumbai,Mobile,0
TXN000130,CUST0055,3993.05,2026-02-10 16:17:15.770043,Transfer,Online,Mumbai,Mobile,0
TXN000131,CUST0036,1898.67,2025-11-18 16:17:15.770050,Purchase,Food,Mumbai,Mobile,0
TXN000132,CUST0148,5137.13,2025-11-24 16:17:15.770056,Purchase,Food,Mumbai,Mobile,0
TXN000133,CUST0048,2875.39,2026-01-10 16:17:15.770065,Purchase,Online,Mumbai,Mobile,0
TXN000134,CUST0077,5947.18,2025-12-06 16:17:15.770072,Transfer,Food,Mumbai,Mobile,0
TXN000135,CUST0153,3161.15,2026-02-03 16:17:15.770078,Purchase,Online,Mumbai,Mobile,0
TXN000136,CUST0063,8099.87,2025-11-19 16:17:15.770085,Transfer,Food,Mumbai,Mobile,0
TXN000137,CUST0145,3433.49,2026-02-09 16:17:15.770092,Transfer,Online,Mumbai,Mobile,0
TXN000138,CUST0057,4355.88,2026-02-05 16:17:15.770098,Withdrawal,Retail,Mumbai,Mobile,0
TXN000139,CUST0147,6627.03,2025-12-07 16:17:15.770105,Withdrawal,Food,Mumbai,Mobile,0
TXN000140,CUST0181,2538.27,2025-12-24 16:17:15.770111,Transfer,Retail,Mumbai,Mobile,0
TXN000141,CUST0183,5454.92,2025-12-14 16:17:15.770118,Withdrawal,Food,Mumbai,Mobile,0
TXN000142,CUST0178,7614.29,2026-01-16 16:17:15.770125,Transfer,Online,Mumbai,Mobile,0
TXN000143,CUST0043,1785.03,2026-01-25 16:17:15.770141,Purchase,Food,Mumbai,Mobile,0
TXN000144,CUST0134,5369.27,2025-12-10 16:17:15.770149,Purchase,Travel,Mumbai,Mobile,0
TXN000145,CUST0072,5519.77,2025-11-13 16:17:15.770155,Purchase,Online,Mumbai,Mobile,0
TXN000146,CUST0116,6563.65,2025-12-11 16:17:15.770162,Transfer,Online,Mumbai,Mobile,0
TXN000147,CUST0199,2526.1,2026-02-07 16:17:15.770168,Withdrawal,Food,Mumbai,Mobile,0
TXN000148,CUST0067,2359.09,2026-01-21 16:17:15.770175,Withdrawal,Food,Mumbai,Mobile,0
TXN000149,CUST0152,6043.88,2026-01-14 16:17:15.770184,Withdrawal,Travel,Mumbai,Mobile,0
TXN000150,CUST0162,5593.97,2026-01-07 16:17:15.770191,Transfer,Travel,Mumbai,Mobile,0
TXN000151,CUST0125,5500.99,2026-01-04 16:17:15.770198,Withdrawal,Travel,Mumbai,Mobile,0
TXN000152,CUST0021,5692.9,2026-01-01 16:17:15.770205,Transfer,Retail,Mumbai,Mobile,0
TXN000153,CUST0158,3639.95,2025-12-07 16:17:15.770212,Purchase,Retail,Mumbai,Mobile,0
TXN000154,CUST0124,5464.51,2025-12-30 16:17:15.770219,Withdrawal,Food,Mumbai,Mobile,0
TXN000155,CUST0186,5586.14,2025-12-04 16:17:15.770226,Transfer,Food,Mumbai,Mobile,0
TXN000156,CUST0096,3571.3,2026-01-03 16:17:15.770233,Withdrawal,Online,Mumbai,Mobile,0
TXN000157,CUST0043,8731.55,2025-11-26 16:17:15.770243,Transfer,Retail,Mumbai,Mobile,0
TXN000158,CUST0032,5947.67,2025-12-10 16:17:15.770249,Transfer,Online,Mumbai,Mobile,0
TXN000159,CUST0175,2617.39,2025-12-15 16:17:15.770256,Withdrawal,Online,Mumbai,Mobile,0
TXN000160,CUST0066,6313.11,2025-12-06 16:17:15.770263,Withdrawal,Food,Mumbai,Mobile,0
TXN000161,CUST0089,3050.64,2025-12-02 16:17:15.770271,Withdrawal,Retail,Mumbai,Mobile,0
TXN000162,CUST0102,6574.17,2025-11-29 16:17:15.770278,Withdrawal,Online,Mumbai,Mobile,0
TXN000163,CUST0131,7317.19,2025-12-05 16:17:15.770285,Transfer,Travel,Mumbai,Mobile,0
TXN000164,CUST0016,3358.64,2026-02-05 16:17:15.770291,Purchase,Food,Mumbai,Mobile,0
TXN000165,CUST0168,6926.75,2026-01-20 16:17:15.770298,Transfer,Travel,Mumbai,Mobile,0
TXN000166,CUST0109,5825.56,2025-12-20 16:17:15.770305,Transfer,Travel,Mumbai,Mobile,0
TXN000167,CUST0090,6644.12,2026-01-27 16:17:15.770312,Transfer,Travel,Mumbai,Mobile,0
TXN000168,CUST0024,8793.59,2026-02-03 16:17:15.770319,Transfer,Retail,Mumbai,Mobile,0
TXN000169,CUST0075,4509.22,2025-12-27 16:17:15.770328,Transfer,Retail,Mumbai,Mobile,0
TXN000170,CUST0144,3492.53,2025-11-15 16:17:15.770335,Withdrawal,Online,Mumbai,Mobile,0
TXN000171,CUST0169,3220.97,2025-11-30 16:17:15.770342,Purchase,Food,Mumbai,Mobile,0
TXN000172,CUST0162,3368.38,2025-11-15 16:17:15.770349,Withdrawal,Food,Mumbai,Mobile,0
TXN000173,CUST0040,4845.8,2026-01-14 16:17:15.770356,Withdrawal,Travel,Mumbai,Mobile,0
TXN000174,CUST0132,5682.3,2026-01-16 16:17:15.770363,Withdrawal,Travel,Mumbai,Mobile,0
TXN000175,CUST0062,5553.38,2025-12-03 16:17:15.770370,Withdrawal,Online,Mumbai,Mobile,0
TXN000176,CUST0123,6654.37,2025-11-27 16:17:15.770377,Purchase,Online,Mumbai,Mobile,0
TXN000177,CUST0036,5026.0,2025-11-28 16:17:15.770384,Purchase,Travel,Mumbai,Mobile,0
TXN000178,CUST0052,7907.07,2025-12-17 16:17:15.770391,Purchase,Food,Mumbai,Mobile,0
TXN000179,CUST0184,4470.69,2025-12-27 16:17:15.770398,Transfer,Travel,Mumbai,Mobile,0
TXN000180,CUST0186,10440.34,2026-01-14 16:17:15.770404,Withdrawal,Retail,Mumbai,Mobile,0
TXN000181,CUST0001,6251.33,2026-01-19 16:17:15.770411,Purchase,Online,Mumbai,Mobile,0
TXN000182,CUST0138,3285.68,2025-11-22 16:17:15.770421,Purchase,Retail,Mumbai,Mobile,0
TXN000183,CUST0064,2858.22,2025-12-27 16:17:15.770428,Purchase,Online,Mumbai,Mobile,0
TXN000184,CUST0085,5964.94,2026-02-10 16:17:15.770435,Purchase,Food,Mumbai,Mobile,0
TXN000185,CUST0138,4553.07,2025-11-19 16:17:15.770442,Transfer,Retail,Mumbai,Mobile,0
TXN000186,CUST0160,6428.0,2026-01-06 16:17:15.770449,Transfer,Retail,Mumbai,Mobile,0
TXN000187,CUST0025,5946.48,2025-11-29 16:17:15.770456,Withdrawal,Travel,Mumbai,Mobile,0
TXN000188,CUST0191,4854.34,2025-12-08 16:17:15.770468,Withdrawal,Food,Mumbai,Mobile,0
TXN000189,CUST0178,3306.41,2026-02-07 16:17:15.770476,Transfer,Food,Mumbai,Mobile,0
TXN000190,CUST0167,1970.31,2025-12-23 16:17:15.770483,Withdrawal,Travel,Mumbai,Mobile,0
TXN000191,CUST0029,4106.97,2026-01-13 16:17:15.770491,Transfer,Retail,Mumbai,Mobile,0
TXN000192,CUST0041,6712.8,2025-12-22 16:17:15.770499,Purchase,Online,Mumbai,Mobile,0
TXN000193,CUST0167,5428.19,2025-12-14 16:17:15.770522,Transfer,Retail,Mumbai,Mobile,0
TXN000194,CUST0167,2508.52,2025-12-06 16:17:15.770530,Purchase,Online,Mumbai,Mobile,0
TXN000195,CUST0087,5346.36,2026-01-13 16:17:15.770536,Transfer,Online,Mumbai,Mobile,0
TXN000196,CUST0175,5770.63,2026-01-18 16:17:15.770544,Purchase,Online,Mumbai,Mobile,0
TXN000197,CUST0011,3232.29,2026-01-05 16:17:15.770551,Purchase,Online,Mumbai,Mobile,0
TXN000198,CUST0143,5307.45,2026-01-10 16:17:15.770558,Transfer,Food,Mumbai,Mobile,0
TXN000199,CUST0083,5116.42,2026-01-08 16:17:15.770566,Purchase,Online,Mumbai,Mobile,0
TXN000200,CUST0107,2714.06,2025-12-29 16:17:15.770576,Withdrawal,Online,Mumbai,Mobile,0
TXN000201,CUST0088,5715.57,2025-12-24 16:17:15.770583,Purchase,Retail,Mumbai,Mobile,0
TXN000202,CUST0059,6121.57,2025-11-24 16:17:15.770591,Transfer,Retail,Mumbai,Mobile,0
TXN000203,CUST0197,7166.1,2026-01-10 16:17:15.770597,Transfer,Online,Mumbai,Mobile,0
TXN000204,CUST0137,7107.6,2025-12-10 16:17:15.770605,Transfer,Food,Mumbai,Mobile,0
TXN000205,CUST0045,2244.66,2025-11-21 16:17:15.770612,Purchase,Online,Mumbai,Mobile,0
TXN000206,CUST0077,3124.35,2026-01-05 16:17:15.770619,Purchase,Retail,Mumbai,Mobile,0
TXN000207,CUST0085,6030.07,2025-11-20 16:17:15.770627,Transfer,Food,Mumbai,Mobile,0
TXN000208,CUST0176,6027.57,2026-01-17 16:17:15.770636,Withdrawal,Retail,Mumbai,Mobile,0
TXN000209,CUST0101,6030.1,2026-01-09 16:17:15.770644,Transfer,Online,Mumbai,Mobile,0
TXN000210,CUST0076,12705.46,2025-12-10 16:17:15.770650,Purchase,Retail,Mumbai,Mobile,0
TXN000211,CUST0001,6141.78,2025-12-07 16:17:15.770658,Transfer,Retail,Mumbai,Mobile,0
TXN000212,CUST0195,7271.13,2025-12-01 16:17:15.770665,Transfer,Food,Mumbai,Mobile,0
TXN000213,CUST0156,6908.0,2026-02-07 16:17:15.770673,Purchase,Travel,Mumbai,Mobile,0
TXN000214,CUST0100,6302.78,2026-02-03 16:17:15.770680,Purchase,Online,Mumbai,Mobile,0
TXN000215,CUST0042,4369.46,2026-01-07 16:17:15.770688,Withdrawal,Travel,Mumbai,Mobile,0
TXN000216,CUST0132,6517.94,2025-12-14 16:17:15.770695,Purchase,Travel,Mumbai,Mobile,0
TXN000217,CUST0068,3454.35,2025-11-29 16:17:15.770702,Transfer,Retail,Mumbai,Mobile,0
TXN000218,CUST0169,4526.36,2025-11-16 16:17:15.770710,Purchase,Online,Mumbai,Mobile,0
TXN000219,CUST0022,4029.27,2026-01-29 16:17:15.770717,Transfer,Retail,Mumbai,Mobile,0
TXN000220,CUST0133,5163.75,2025-12-29 16:17:15.770727,Transfer,Travel,Mumbai,Mobile,0
TXN000221,CUST0003,9629.32,2026-01-31 16:17:15.770734,Purchase,Retail,Mumbai,Mobile,0
TXN000222,CUST0092,1265.47,2026-02-03 16:17:15.770742,Transfer,Travel,Mumbai,Mobile,0
TXN000223,CUST0194,6372.52,2026-01-28 16:17:15.770748,Withdrawal,Retail,Mumbai,Mobile,0
TXN000224,CUST0067,1774.57,2025-11-16 16:17:15.770756,Withdrawal,Food,Mumbai,Mobile,0
TXN000225,CUST0125,4056.14,2026-01-04 16:17:15.770763,Transfer,Online,Mumbai,Mobile,0
TXN000226,CUST0045,7177.9,2026-01-26 16:17:15.770771,Withdrawal,Retail,Mumbai,Mobile,0
TXN000227,CUST0020,5128.56,2025-11-21 16:17:15.770781,Purchase,Travel,Mumbai,Mobile,0
TXN000228,CUST0051,2844.51,2025-11-24 16:17:15.770789,Transfer,Online,Mumbai,Mobile,0
TXN000229,CUST0017,3569.39,2025-12-28 16:17:15.770796,Transfer,Retail,Mumbai,Mobile,0
TXN000230,CUST0020,6359.2,2025-12-19 16:17:15.770804,Withdrawal,Travel,Mumbai,Mobile,0
TXN000231,CUST0170,3539.27,2025-12-17 16:17:15.770810,Purchase,Travel,Mumbai,Mobile,0
TXN000232,CUST0122,5432.92,2026-01-04 16:17:15.770818,Transfer,Travel,Mumbai,Mobile,0
TXN000233,CUST0106,5091.14,2026-01-20 16:17:15.770825,Transfer,Online,Mumbai,Mobile,0
TXN000234,CUST0095,3696.8,2026-02-08 16:17:15.770833,Transfer,Travel,Mumbai,Mobile,0
TXN000235,CUST0169,9287.89,2025-12-15 16:17:15.770841,Transfer,Food,Mumbai,Mobile,0
TXN000236,CUST0052,6267.84,2026-02-04 16:17:15.770849,Transfer,Online,Mumbai,Mobile,0
TXN000237,CUST0110,949.71,2026-01-27 16:17:15.770856,Purchase,Food,Mumbai,Mobile,0
TXN000238,CUST0111,5372.91,2025-12-25 16:17:15.770864,Transfer,Retail,Mumbai,Mobile,0
TXN000239,CUST0030,3676.43,2026-01-19 16:17:15.770871,Transfer,Travel,Mumbai,Mobile,0
TXN000240,CUST0104,6704.87,2026-01-02 16:17:15.770878,Purchase,Travel,Mumbai,Mobile,0
TXN000241,CUST0028,3414.96,2025-12-09 16:17:15.770886,Transfer,Online,Mumbai,Mobile,0
TXN000242,CUST0136,4770.53,2025-11-30 16:17:15.770893,Transfer,Online,Mumbai,Mobile,0
TXN000243,CUST0134,6009.97,2025-12-09 16:17:15.770902,Withdrawal,Retail,Mumbai,Mobile,0
TXN000244,CUST0194,6731.51,2026-02-09 16:17:15.770909,Transfer,Retail,Mumbai,Mobile,0
TXN000245,CUST0092,2599.41,2026-01-22 16:17:15.770917,Transfer,Online,Mumbai,Mobile,0
TXN000246,CUST0002,4331.0,2026-01-18 16:17:15.770924,Transfer,Food,Mumbai,Mobile,0
TXN000247,CUST0120,4050.11,2026-01-01 16:17:15.770934,Purchase,Food,Mumbai,Mobile,0
TXN000248,CUST0158,3693.34,2026-02-04 16:17:15.770942,Transfer,Travel,Mumbai,Mobile,0
TXN000249,CUST0011,8530.91,2025-11-25 16:17:15.770949,Withdrawal,Food,Mumbai,Mobile,0
TXN000250,CUST0024,5809.96,2025-12-12 16:17:15.770956,Withdrawal,Food,Mumbai,Mobile,0
TXN000251,CUST0084,2478.23,2025-12-10 16:17:15.770964,Withdrawal,Online,Mumbai,Mobile,0
TXN000252,CUST0136,6835.72,2026-01-24 16:17:15.770973,Purchase,Travel,Mumbai,Mobile,0
TXN000253,CUST0066,9244.31,2025-11-21 16:17:15.770981,Transfer,Online,Mumbai,Mobile,0
TXN000254,CUST0079,7064.93,2026-01-13 16:17:15.770988,Withdrawal,Food,Mumbai,Mobile,0
TXN000255,CUST0017,1961.26,2026-01-16 16:17:15.770996,Withdrawal,Travel,Mumbai,Mobile,0
TXN000256,CUST0073,4031.53,2026-02-08 16:17:15.771003,Purchase,Food,Mumbai,Mobile,0
TXN000257,CUST0177,7533.82,2025-12-30 16:17:15.771012,Purchase,Retail,Mumbai,Mobile,0
TXN000258,CUST0170,3584.66,2025-12-20 16:17:15.771019,Purchase,Online,Mumbai,Mobile,0
TXN000259,CUST0107,5887.64,2026-01-08 16:17:15.771027,Transfer,Food,Mumbai,Mobile,0
TXN000260,CUST0004,6549.27,2026-01-24 16:17:15.771034,Transfer,Travel,Mumbai,Mobile,0
TXN000261,CUST0048,3146.14,2025-12-01 16:17:15.771042,Purchase,Travel,Mumbai,Mobile,0
TXN000262,CUST0067,4880.95,2026-01-26 16:17:15.771049,Transfer,Travel,Mumbai,Mobile,0
TXN000263,CUST0190,100.0,2026-01-26 16:17:15.771057,Purchase,Travel,Mumbai,Mobile,0
TXN000264,CUST0198,2951.22,2026-01-02 16:17:15.771065,Purchase,Food,Mumbai,Mobile,0
TXN000265,CUST0194,4494.86,2025-11-17 16:17:15.771073,Purchase,Retail,Mumbai,Mobile,0
TXN000266,CUST0144,2504.43,2025-11-17 16:17:15.771082,Transfer,Travel,Mumbai,Mobile,0
TXN000267,CUST0191,8264.82,2026-01-01 16:17:15.771091,Transfer,Online,Mumbai,Mobile,0
TXN000268,CUST0037,2139.72,2026-01-10 16:17:15.771097,Purchase,Travel,Mumbai,Mobile,0
TXN000269,CUST0124,4119.91,2025-11-25 16:17:15.771105,Withdrawal,Food,Mumbai,Mobile,0
TXN000270,CUST0035,5261.48,2026-01-25 16:17:15.771113,Withdrawal,Travel,Mumbai,Mobile,0
TXN000271,CUST0150,7882.55,2025-12-21 16:17:15.771121,Withdrawal,Online,Mumbai,Mobile,0
TXN000272,CUST0173,2128.28,2025-12-05 16:17:15.771137,Transfer,Online,Mumbai,Mobile,0
TXN000273,CUST0036,7326.33,2026-02-10 16:17:15.771146,Purchase,Travel,Mumbai,Mobile,0
TXN000274,CUST0138,5020.47,2025-12-27 16:17:15.771154,Transfer,Food,Mumbai,Mobile,0
TXN000275,CUST0011,3036.98,2026-01-21 16:17:15.771161,Withdrawal,Online,Mumbai,Mobile,0
TXN000276,CUST0088,5924.21,2026-02-08 16:17:15.771168,Transfer,Food,Mumbai,Mobile,0
TXN000277,CUST0086,5398.12,2025-12-16 16:17:15.771176,Transfer,Online,Mumbai,Mobile,0
TXN000278,CUST0035,3799.57,2025-12-30 16:17:15.771184,Transfer,Food,Mumbai,Mobile,0
TXN000279,CUST0123,5139.6,2025-12-11 16:17:15.771191,Purchase,Food,Mumbai,Mobile,0
TXN000280,CUST0133,4229.37,2026-01-03 16:17:15.771199,Withdrawal,Retail,Mumbai,Mobile,0
TXN000281,CUST0064,5227.03,2025-11-26 16:17:15.771205,Purchase,Food,Mumbai,Mobile,0
TXN000282,CUST0147,6324.26,2025-12-19 16:17:15.771213,Purchase,Travel,Mumbai,Mobile,0
TXN000283,CUST0090,8172.03,2026-02-10 16:17:15.771220,Transfer,Retail,Mumbai,Mobile,0
TXN000284,CUST0007,2524.37,2026-01-16 16:17:15.771231,Transfer,Retail,Mumbai,Mobile,0
TXN000285,CUST0016,9266.07,2026-01-13 16:17:15.771240,Withdrawal,Travel,Mumbai,Mobile,0
TXN000286,CUST0011,1095.82,2025-12-21 16:17:15.771250,Withdrawal,Online,Mumbai,Mobile,0
TXN000287,CUST0031,4696.43,2025-12-17 16:17:15.771257,Purchase,Travel,Mumbai,Mobile,0
TXN000288,CUST0007,6176.63,2026-01-16 16:17:15.771265,Withdrawal,Retail,Mumbai,Mobile,0
TXN000289,CUST0145,5561.98,2026-01-31 16:17:15.771273,Withdrawal,Online,Mumbai,Mobile,0
TXN000290,CUST0011,3754.6,2025-12-02 16:17:15.771280,Purchase,Food,Mumbai,Mobile,0
TXN000291,CUST0167,4583.76,2026-01-09 16:17:15.771288,Purchase,Food,Mumbai,Mobile,0
TXN000292,CUST0119,4014.0,2026-01-17 16:17:15.771295,Withdrawal,Food,Mumbai,Mobile,0
TXN000293,CUST0159,3821.27,2025-11-21 16:17:15.771303,Transfer,Travel,Mumbai,Mobile,0
TXN000294,CUST0097,6699.2,2025-11-14 16:17:15.771310,Purchase,Food,Mumbai,Mobile,0
TXN000295,CUST0087,5714.03,2025-12-22 16:17:15.771318,Purchase,Travel,Mumbai,Mobile,0
TXN000296,CUST0127,3614.18,2026-01-30 16:17:15.771326,Withdrawal,Online,Mumbai,Mobile,0
TXN000297,CUST0184,6799.2,2026-01-14 16:17:15.771333,Purchase,Travel,Mumbai,Mobile,0
TXN000298,CUST0179,5614.6,2026-01-18 16:17:15.771341,Withdrawal,Travel,Mumbai,Mobile,0
TXN000299,CUST0009,6625.72,2025-12-27 16:17:15.771348,Purchase,Retail,Mumbai,Mobile,0
TXN000300,CUST0013,6259.26,2026-01-20 16:17:15.771356,Withdrawal,Retail,Mumbai,Mobile,0
TXN000301,CUST0140,3342.01,2026-01-04 16:17:15.771362,Transfer,Retail,Mumbai,Mobile,0
TXN000302,CUST0034,3879.64,2025-12-01 16:17:15.771370,Purchase,Retail,Mumbai,Mobile,0
TXN000303,CUST0068,6494.59,2025-11-21 16:17:15.771378,Transfer,Online,Mumbai,Mobile,0
TXN000304,CUST0023,6220.74,2025-11-30 16:17:15.771385,Transfer,Travel,Mumbai,Mobile,0
TXN000305,CUST0153,4958.2,2026-02-01 16:17:15.771395,Purchase,Online,Mumbai,Mobile,0
TXN000306,CUST0059,5234.65,2026-02-03 16:17:15.771402,Purchase,Online,Mumbai,Mobile,0
TXN000307,CUST0069,7555.33,2025-12-31 16:17:15.771412,Withdrawal,Travel,Mumbai,Mobile,0
TXN000308,CUST0065,3816.86,2025-12-13 16:17:15.771419,Transfer,Retail,Mumbai,Mobile,0
TXN000309,CUST0189,6094.19,2025-11-20 16:17:15.771427,Withdrawal,Travel,Mumbai,Mobile,0
TXN000310,CUST0177,4595.61,2025-12-05 16:17:15.771434,Purchase,Retail,Mumbai,Mobile,0
TXN000311,CUST0161,4564.64,2026-01-19 16:17:15.771442,Transfer,Online,Mumbai,Mobile,0
TXN000312,CUST0096,7197.55,2026-01-23 16:17:15.771449,Withdrawal,Travel,Mumbai,Mobile,0
TXN000313,CUST0024,6650.83,2026-01-10 16:17:15.771456,Transfer,Retail,Mumbai,Mobile,0
TXN000314,CUST0156,6627.02,2026-02-05 16:17:15.771463,Transfer,Online,Mumbai,Mobile,0
TXN000315,CUST0081,7610.96,2025-11-25 16:17:15.771470,Withdrawal,Online,Mumbai,Mobile,0
TXN000316,CUST0102,5042.01,2026-01-22 16:17:15.771480,Transfer,Retail,Mumbai,Mobile,0
TXN000317,CUST0106,6363.91,2026-01-05 16:17:15.771487,Transfer,Travel,Mumbai,Mobile,0
TXN000318,CUST0143,4379.47,2026-01-03 16:17:15.771495,Transfer,Retail,Mumbai,Mobile,0
TXN000319,CUST0051,5648.33,2026-01-06 16:17:15.771501,Withdrawal,Food,Mumbai,Mobile,0
TXN000320,CUST0169,4739.71,2025-11-14 16:17:15.771526,Purchase,Food,Mumbai,Mobile,0
TXN000321,CUST0128,5193.99,2025-12-16 16:17:15.771533,Purchase,Travel,Mumbai,Mobile,0
TXN000322,CUST0024,6190.31,2026-01-11 16:17:15.771540,Withdrawal,Food,Mumbai,Mobile,0
TXN000323,CUST0052,3363.56,2025-12-03 16:17:15.771547,Purchase,Online,Mumbai,Mobile,0
TXN000324,CUST0092,9184.77,2025-12-08 16:17:15.771554,Transfer,Online,Mumbai,Mobile,0
TXN000325,CUST0185,2987.97,2025-11-18 16:17:15.771565,Withdrawal,Online,Mumbai,Mobile,0
TXN000326,CUST0135,2571.62,2026-01-24 16:17:15.771572,Transfer,Travel,Mumbai,Mobile,0
TXN000327,CUST0015,7316.22,2025-11-30 16:17:15.771580,Purchase,Online,Mumbai,Mobile,0
TXN000328,CUST0172,6583.33,2025-11-23 16:17:15.771586,Transfer,Food,Mumbai,Mobile,0
TXN000329,CUST0006,6248.24,2025-12-11 16:17:15.771594,Withdrawal,Retail,Mumbai,Mobile,0
TXN000330,CUST0095,6256.69,2025-12-05 16:17:15.771601,Purchase,Travel,Mumbai,Mobile,0
TXN000331,CUST0181,4975.51,2026-01-22 16:17:15.771609,Purchase,Retail,Mumbai,Mobile,0
TXN000332,CUST0023,3205.49,2026-01-02 16:17:15.771616,Purchase,Travel,Mumbai,Mobile,0
TXN000333,CUST0129,5151.61,2026-01-15 16:17:15.771623,Withdrawal,Food,Mumbai,Mobile,0
TXN000334,CUST0116,3645.68,2025-12-07 16:17:15.771631,Transfer,Retail,Mumbai,Mobile,0
TXN000335,CUST0130,6950.24,2025-11-18 16:17:15.771637,Transfer,Food,Mumbai,Mobile,0
TXN000336,CUST0064,4705.89,2025-12-25 16:17:15.771645,Transfer,Online,Mumbai,Mobile,0
TXN000337,CUST0003,3349.01,2025-12-14 16:17:15.771652,Transfer,Food,Mumbai,Mobile,0
TXN000338,CUST0173,4357.23,2025-12-22 16:17:15.771660,Transfer,Online,Mumbai,Mobile,0
TXN000339,CUST0159,5825.86,2026-01-27 16:17:15.771667,Transfer,Food,Mumbai,Mobile,0
TXN000340,CUST0184,3872.55,2025-12-19 16:17:15.771675,Purchase,Retail,Mumbai,Mobile,0
TXN000341,CUST0069,3355.56,2025-12-26 16:17:15.771683,Transfer,Food,Mumbai,Mobile,0
TXN000342,CUST0176,5487.37,2025-12-31 16:17:15.771690,Purchase,Travel,Mumbai,Mobile,0
TXN000343,CUST0010,5489.93,2025-12-14 16:17:15.771698,Transfer,Travel,Mumbai,Mobile,0
TXN000344,CUST0111,3986.11,2026-01-12 16:17:15.771707,Purchase,Food,Mumbai,Mobile,0
TXN000345,CUST0010,4057.92,2025-12-07 16:17:15.771715,Withdrawal,Online,Mumbai,Mobile,0
TXN000346,CUST0115,5464.1,2025-12-22 16:17:15.771722,Transfer,Retail,Mumbai,Mobile,0
TXN000347,CUST0039,2103.83,2025-11-25 16:17:15.771730,Withdrawal,Travel,Mumbai,Mobile,0
TXN000348,CUST0188,2185.07,2025-12-24 16:17:15.771743,Transfer,Food,Mumbai,Mobile,0
TXN000349,CUST0136,3563.11,2025-12-26 16:17:15.771750,Transfer,Food,Mumbai,Mobile,0
TXN000350,CUST0101,4573.11,2025-11-21 16:17:15.771758,Purchase,Food,Mumbai,Mobile,0
TXN000351,CUST0064,5621.82,2026-01-07 16:17:15.771765,Transfer,Retail,Mumbai,Mobile,0
TXN000352,CUST0176,7950.71,2025-12-29 16:17:15.771773,Withdrawal,Retail,Mumbai,Mobile,0
TXN000353,CUST0114,6715.32,2025-11-28 16:17:15.771780,Purchase,Travel,Mumbai,Mobile,0
TXN000354,CUST0061,4680.12,2025-12-19 16:17:15.771788,Withdrawal,Travel,Mumbai,Mobile,0
TXN000355,CUST0107,4961.97,2025-12-22 16:17:15.771796,Purchase,Retail,Mumbai,Mobile,0
TXN000356,CUST0075,2994.94,2026-02-02 16:17:15.771803,Withdrawal,Online,Mumbai,Mobile,0
TXN000357,CUST0170,4962.97,2026-02-04 16:17:15.771811,Transfer,Retail,Mumbai,Mobile,0
TXN000358,CUST0162,4422.68,2025-11-24 16:17:15.771817,Transfer,Food,Mumbai,Mobile,0
TXN000359,CUST0163,5645.44,2026-01-08 16:17:15.771825,Withdrawal,Online,Mumbai,Mobile,0
TXN000360,CUST0072,3345.54,2026-01-15 16:17:15.771832,Transfer,Travel,Mumbai,Mobile,0
TXN000361,CUST0132,6038.69,2025-11-25 16:17:15.771840,Transfer,Retail,Mumbai,Mobile,0
TXN000362,CUST0065,8065.48,2026-01-01 16:17:15.771847,Purchase,Travel,Mumbai,Mobile,0
TXN000363,CUST0059,4782.48,2026-01-22 16:17:15.771854,Purchase,Retail,Mumbai,Mobile,0
TXN000364,CUST0108,5803.42,2025-12-24 16:17:15.771864,Transfer,Online,Mumbai,Mobile,0
TXN000365,CUST0114,6380.29,2026-01-16 16:17:15.771871,Withdrawal,Food,Mumbai,Mobile,0
TXN000366,CUST0020,4197.56,2025-11-13 16:17:15.771879,Withdrawal,Retail,Mumbai,Mobile,0
TXN000367,CUST0099,5448.18,2026-02-11 16:17:15.771887,Withdrawal,Food,Mumbai,Mobile,0
TXN000368,CUST0113,5025.18,2025-12-16 16:17:15.771894,Purchase,Retail,Mumbai,Mobile,0
TXN000369,CUST0107,5195.35,2025-11-28 16:17:15.771902,Purchase,Online,Mumbai,Mobile,0
TXN000370,CUST0014,3453.98,2025-12-23 16:17:15.771911,Transfer,Food,Mumbai,Mobile,0
TXN000371,CUST0028,5049.02,2025-11-16 16:17:15.771919,Transfer,Food,Mumbai,Mobile,0
TXN000372,CUST0006,5996.0,2025-11-29 16:17:15.771926,Purchase,Online,Mumbai,Mobile,0
TXN000373,CUST0001,7902.29,2026-01-03 16:17:15.771934,Transfer,Food,Mumbai,Mobile,0
TXN000374,CUST0119,6918.54,2026-01-08 16:17:15.771941,Withdrawal,Online,Mumbai,Mobile,0
TXN000375,CUST0060,9306.36,2025-11-24 16:17:15.771948,Purchase,Travel,Mumbai,Mobile,0
TXN000376,CUST0116,3465.3,2025-12-10 16:17:15.771956,Withdrawal,Travel,Mumbai,Mobile,0
TXN000377,CUST0163,6744.64,2025-11-22 16:17:15.771963,Transfer,Retail,Mumbai,Mobile,0
TXN000378,CUST0141,5366.68,2025-12-19 16:17:15.771971,Transfer,Online,Mumbai,Mobile,0
TXN000379,CUST0080,9379.61,2025-12-19 16:17:15.771978,Transfer,Travel,Mumbai,Mobile,0
TXN000380,CUST0189,3383.4,2025-12-01 16:17:15.771994,Purchase,Retail,Mumbai,Mobile,0
TXN000381,CUST0111,3320.56,2025-11-25 16:17:15.772002,Transfer,Food,Mumbai,Mobile,0
TXN000382,CUST0018,3801.21,2026-01-03 16:17:15.772009,Withdrawal,Food,Mumbai,Mobile,0
TXN000383,CUST0171,752.21,2026-02-07 16:17:15.772018,Purchase,Food,Mumbai,Mobile,0
TXN000384,CUST0087,3948.49,2025-12-23 16:17:15.772026,Purchase,Online,Mumbai,Mobile,0
TXN000385,CUST0179,3481.73,2025-12-29 16:17:15.772033,Purchase,Retail,Mumbai,Mobile,0
TXN000386,CUST0022,5300.79,2026-02-05 16:17:15.772040,Withdrawal,Online,Mumbai,Mobile,0
TXN000387,CUST0145,5683.51,2025-11-15 16:17:15.772047,Withdrawal,Travel,Mumbai,Mobile,0
TXN000388,CUST0102,8752.34,2025-12-03 16:17:15.772055,Withdrawal,Retail,Mumbai,Mobile,0
TXN000389,CUST0074,6900.85,2026-01-05 16:17:15.772061,Purchase,Travel,Mumbai,Mobile,0
TXN000390,CUST0094,3846.19,2026-02-10 16:17:15.772069,Purchase,Online,Mumbai,Mobile,0
TXN000391,CUST0156,3203.17,2025-12-19 16:17:15.772076,Purchase,Retail,Mumbai,Mobile,0
TXN000392,CUST0075,5983.84,2026-01-18 16:17:15.772083,Withdrawal,Food,Mumbai,Mobile,0
TXN000393,CUST0148,2359.53,2026-01-20 16:17:15.772091,Purchase,Retail,Mumbai,Mobile,0
TXN000394,CUST0085,8662.92,2025-11-28 16:17:15.772098,Withdrawal,Food,Mumbai,Mobile,0
TXN000395,CUST0180,7358.88,2026-01-19 16:17:15.772106,Withdrawal,Online,Mumbai,Mobile,0
TXN000396,CUST0064,4061.65,2026-01-09 16:17:15.772112,Transfer,Travel,Mumbai,Mobile,0
TXN000397,CUST0050,1573.73,2025-12-15 16:17:15.772119,Purchase,Online,Mumbai,Mobile,0
TXN000398,CUST0054,7707.74,2025-12-16 16:17:15.772132,Withdrawal,Retail,Mumbai,Mobile,0
TXN000399,CUST0076,4770.92,2026-02-02 16:17:15.772142,Purchase,Travel,Mumbai,Mobile,0
TXN000400,CUST0086,7475.63,2025-12-04 16:17:15.772149,Transfer,Retail,Mumbai,Mobile,0
TXN000401,CUST0082,1811.14,2025-11-14 16:17:15.772157,Purchase,Food,Mumbai,Mobile,0
TXN000402,CUST0037,3801.25,2026-01-10 16:17:15.772164,Purchase,Travel,Mumbai,Mobile,0
TXN000403,CUST0178,5010.49,2026-01-19 16:17:15.772175,Purchase,Retail,Mumbai,Mobile,0
TXN000404,CUST0132,5093.96,2025-12-19 16:17:15.772181,Purchase,Online,Mumbai,Mobile,0
TXN000405,CUST0144,4099.87,2026-02-05 16:17:15.772189,Withdrawal,Online,Mumbai,Mobile,0
TXN000406,CUST0192,6245.7,2026-01-25 16:17:15.772196,Purchase,Travel,Mumbai,Mobile,0
TXN000407,CUST0131,2864.76,2025-12-23 16:17:15.772204,Transfer,Retail,Mumbai,Mobile,0
TXN000408,CUST0137,4715.24,2026-02-05 16:17:15.772210,Purchase,Food,Mumbai,Mobile,0
TXN000409,CUST0135,5240.59,2025-12-29 16:17:15.772217,Withdrawal,Travel,Mumbai,Mobile,0
TXN000410,CUST0192,6028.88,2025-12-28 16:17:15.772223,Purchase,Online,Mumbai,Mobile,0
TXN000411,CUST0037,6423.23,2026-01-05 16:17:15.772231,Transfer,Retail,Mumbai,Mobile,0
TXN000412,CUST0081,2750.72,2026-01-25 16:17:15.772240,Withdrawal,Online,Mumbai,Mobile,0
TXN000413,CUST0197,1931.77,2026-02-11 16:17:15.772246,Purchase,Online,Mumbai,Mobile,0
TXN000414,CUST0125,7555.35,2026-01-03 16:17:15.772253,Purchase,Retail,Mumbai,Mobile,0
TXN000415,CUST0179,5664.63,2026-01-05 16:17:15.772260,Purchase,Food,Mumbai,Mobile,0
TXN000416,CUST0128,3503.03,2026-02-09 16:17:15.772267,Withdrawal,Travel,Mumbai,Mobile,0
TXN000417,CUST0090,8102.3,2026-01-19 16:17:15.772273,Transfer,Food,Mumbai,Mobile,0
TXN000418,CUST0092,5231.35,2025-12-30 16:17:15.772280,Withdrawal,Travel,Mumbai,Mobile,0
TXN000419,CUST0007,7358.59,2026-01-15 16:17:15.772287,Purchase,Travel,Mumbai,Mobile,0
TXN000420,CUST0087,5135.04,2025-12-03 16:17:15.772293,Withdrawal,Food,Mumbai,Mobile,0
TXN000421,CUST0097,9121.5,2025-11-14 16:17:15.772300,Transfer,Retail,Mumbai,Mobile,0
TXN000422,CUST0184,8510.68,2026-01-26 16:17:15.772309,Withdrawal,Online,Mumbai,Mobile,0
TXN000423,CUST0175,4502.07,2026-02-07 16:17:15.772316,Purchase,Travel,Mumbai,Mobile,0
TXN000424,CUST0034,6943.14,2026-01-26 16:17:15.772322,Purchase,Retail,Mumbai,Mobile,0
TXN000425,CUST0199,6290.75,2025-12-09 16:17:15.772329,Purchase,Retail,Mumbai,Mobile,0
TXN000426,CUST0172,7737.26,2026-02-10 16:17:15.772336,Purchase,Online,Mumbai,Mobile,0
TXN000427,CUST0178,3070.15,2025-12-06 16:17:15.772342,Transfer,Online,Mumbai,Mobile,0
TXN000428,CUST0038,6372.1,2026-02-04 16:17:15.772349,Transfer,Travel,Mumbai,Mobile,0
TXN000429,CUST0118,7116.85,2025-11-22 16:17:15.772356,Purchase,Retail,Mumbai,Mobile,0
TXN000430,CUST0096,1482.52,2026-01-26 16:17:15.772363,Purchase,Retail,Mumbai,Mobile,0
TXN000431,CUST0192,2633.48,2026-01-06 16:17:15.772369,Transfer,Travel,Mumbai,Mobile,0
TXN000432,CUST0094,921.54,2025-12-15 16:17:15.772376,Withdrawal,Online,Mumbai,Mobile,0
TXN000433,CUST0028,4461.19,2026-01-16 16:17:15.772383,Withdrawal,Retail,Mumbai,Mobile,0
TXN000434,CUST0144,6435.08,2025-11-21 16:17:15.772390,Purchase,Food,Mumbai,Mobile,0
TXN000435,CUST0001,8004.71,2026-01-05 16:17:15.772399,Purchase,Retail,Mumbai,Mobile,0
TXN000436,CUST0107,5148.19,2025-12-15 16:17:15.772406,Withdrawal,Online,Mumbai,Mobile,0
TXN000437,CUST0179,8257.23,2025-12-07 16:17:15.772413,Purchase,Travel,Mumbai,Mobile,0
TXN000438,CUST0067,2239.8,2025-12-01 16:17:15.772420,Withdrawal,Travel,Mumbai,Mobile,0
TXN000439,CUST0172,1593.24,2026-01-29 16:17:15.772427,Transfer,Food,Mumbai,Mobile,0
TXN000440,CUST0010,4888.9,2026-01-21 16:17:15.772434,Transfer,Travel,Mumbai,Mobile,0
TXN000441,CUST0059,5768.13,2025-12-16 16:17:15.772441,Withdrawal,Travel,Mumbai,Mobile,0
TXN000442,CUST0020,4934.61,2025-11-27 16:17:15.772449,Withdrawal,Travel,Mumbai,Mobile,0
TXN000443,CUST0129,865.12,2026-01-19 16:17:15.772459,Purchase,Travel,Mumbai,Mobile,0
TXN000444,CUST0187,4821.76,2025-11-16 16:17:15.772465,Transfer,Travel,Mumbai,Mobile,0
TXN000445,CUST0181,2391.06,2025-12-03 16:17:15.772472,Purchase,Retail,Mumbai,Mobile,0
TXN000446,CUST0128,6339.35,2026-01-07 16:17:15.772479,Purchase,Travel,Mumbai,Mobile,0
TXN000447,CUST0177,5733.2,2026-02-02 16:17:15.772486,Transfer,Online,Mumbai,Mobile,0
TXN000448,CUST0115,3120.24,2025-12-16 16:17:15.772493,Purchase,Online,Mumbai,Mobile,0
TXN000449,CUST0058,3972.27,2025-12-24 16:17:15.772501,Withdrawal,Online,Mumbai,Mobile,0
TXN000450,CUST0142,2881.57,2025-11-14 16:17:15.772522,Transfer,Travel,Mumbai,Mobile,0
TXN000451,CUST0196,4874.64,2025-12-27 16:17:15.772529,Withdrawal,Retail,Mumbai,Mobile,0
TXN000452,CUST0173,6910.28,2025-12-17 16:17:15.772536,Transfer,Online,Mumbai,Mobile,0
TXN000453,CUST0165,3028.55,2026-02-09 16:17:15.772543,Withdrawal,Travel,Mumbai,Mobile,0
TXN000454,CUST0151,6008.09,2025-12-15 16:17:15.772550,Withdrawal,Online,Mumbai,Mobile,0
TXN000455,CUST0176,3939.48,2025-11-13 16:17:15.772557,Purchase,Retail,Mumbai,Mobile,0
TXN000456,CUST0192,3414.25,2026-01-12 16:17:15.772568,Transfer,Online,Mumbai,Mobile,0
TXN000457,CUST0118,4785.94,2025-12-15 16:17:15.772575,Transfer,Food,Mumbai,Mobile,0
TXN000458,CUST0004,2929.52,2026-02-07 16:17:15.772582,Withdrawal,Online,Mumbai,Mobile,0
TXN000459,CUST0124,3892.7,2026-01-06 16:17:15.772589,Purchase,Travel,Mumbai,Mobile,0
TXN000460,CUST0187,2604.24,2026-01-02 16:17:15.772596,Purchase,Travel,Mumbai,Mobile,0
TXN000461,CUST0142,8929.45,2026-01-22 16:17:15.772606,Purchase,Travel,Mumbai,Mobile,0
TXN000462,CUST0148,5070.53,2026-01-02 16:17:15.772612,Purchase,Online,Mumbai,Mobile,0
TXN000463,CUST0053,3600.55,2025-11-25 16:17:15.772619,Purchase,Travel,Mumbai,Mobile,0
TXN000464,CUST0124,5427.96,2026-01-25 16:17:15.772626,Withdrawal,Travel,Mumbai,Mobile,0
TXN000465,CUST0163,4775.34,2026-02-04 16:17:15.772634,Withdrawal,Online,Mumbai,Mobile,0
TXN000466,CUST0110,4558.06,2026-01-05 16:17:15.772641,Withdrawal,Online,Mumbai,Mobile,0
TXN000467,CUST0042,6228.33,2026-01-19 16:17:15.772649,Transfer,Retail,Mumbai,Mobile,0
TXN000468,CUST0048,6515.02,2025-11-29 16:17:15.772656,Purchase,Retail,Mumbai,Mobile,0
TXN000469,CUST0118,3939.0,2025-12-30 16:17:15.772663,Withdrawal,Travel,Mumbai,Mobile,0
TXN000470,CUST0150,3848.36,2026-02-03 16:17:15.772670,Withdrawal,Food,Mumbai,Mobile,0
TXN000471,CUST0116,4449.9,2025-12-30 16:17:15.772678,Withdrawal,Food,Mumbai,Mobile,0
TXN000472,CUST0024,396.16,2025-12-12 16:17:15.772685,Purchase,Travel,Mumbai,Mobile,0
TXN000473,CUST0073,1969.62,2025-12-01 16:17:15.772694,Withdrawal,Online,Mumbai,Mobile,0
TXN000474,CUST0152,7733.75,2025-12-20 16:17:15.772701,Transfer,Food,Mumbai,Mobile,0
TXN000475,CUST0070,8289.94,2025-11-15 16:17:15.772806,Transfer,Food,Mumbai,Mobile,0
TXN000476,CUST0182,4501.93,2025-12-26 16:17:15.772815,Withdrawal,Online,Mumbai,Mobile,0
TXN000477,CUST0115,6153.11,2026-01-13 16:17:15.772822,Withdrawal,Food,Mumbai,Mobile,0
TXN000478,CUST0012,5622.5,2026-01-20 16:17:15.772830,Transfer,Online,Mumbai,Mobile,0
TXN000479,CUST0187,11157.76,2025-11-15 16:17:15.772837,Purchase,Retail,Mumbai,Mobile,0
TXN000480,CUST0123,7239.15,2025-12-24 16:17:15.772844,Purchase,Food,Mumbai,Mobile,0
TXN000481,CUST0158,4744.16,2025-12-25 16:17:15.772854,Withdrawal,Travel,Mumbai,Mobile,0
TXN000482,CUST0037,3088.92,2025-12-18 16:17:15.772862,Withdrawal,Travel,Mumbai,Mobile,0
TXN000483,CUST0156,1787.11,2025-12-19 16:17:15.772869,Transfer,Travel,Mumbai,Mobile,0
TXN000484,CUST0138,5406.93,2025-11-28 16:17:15.772876,Withdrawal,Travel,Mumbai,Mobile,0
TXN000485,CUST0056,3487.3,2025-11-16 16:17:15.772883,Purchase,Retail,Mumbai,Mobile,0
TXN000486,CUST0082,2155.49,2026-02-07 16:17:15.772889,Withdrawal,Travel,Mumbai,Mobile,0
TXN000487,CUST0006,3706.85,2025-12-01 16:17:15.772897,Purchase,Retail,Mumbai,Mobile,0
TXN000488,CUST0171,2836.9,2026-01-28 16:17:15.772904,Withdrawal,Food,Mumbai,Mobile,0
TXN000489,CUST0094,8374.28,2025-12-19 16:17:15.772911,Withdrawal,Retail,Mumbai,Mobile,0
TXN000490,CUST0089,6763.28,2026-01-16 16:17:15.772918,Purchase,Retail,Mumbai,Mobile,0
TXN000491,CUST0082,4984.05,2025-12-13 16:17:15.772924,Purchase,Travel,Mumbai,Mobile,0
TXN000492,CUST0190,7959.89,2025-12-08 16:17:15.772931,Withdrawal,Online,Mumbai,Mobile,0
TXN000493,CUST0184,5154.74,2025-11-26 16:17:15.772938,Transfer,Food,Mumbai,Mobile,0
TXN000494,CUST0051,3277.43,2025-12-24 16:17:15.772945,Withdrawal,Food,Mumbai,Mobile,0
TXN000495,CUST0038,8046.25,2026-01-19 16:17:15.772952,Purchase,Online,Mumbai,Mobile,0
TXN000496,CUST0100,6077.82,2025-12-25 16:17:15.772960,Withdrawal,Travel,Mumbai,Mobile,0
TXN000497,CUST0101,2925.51,2026-01-17 16:17:15.772967,Transfer,Food,Mumbai,Mobile,0
TXN000498,CUST0118,4619.32,2026-01-20 16:17:15.772974,Transfer,Retail,Mumbai,Mobile,0
TXN000499,CUST0166,3248.76,2025-12-22 16:17:15.772981,Withdrawal,Travel,Mumbai,Mobile,0
TXN000500,CUST0023,2234.4,2025-11-22 16:17:15.772991,Transfer,Retail,Mumbai,Mobile,0
TXN000501,CUST0190,6852.36,2025-12-30 16:17:15.772998,Purchase,Retail,Mumbai,Mobile,0
TXN000502,CUST0131,8818.83,2025-12-30 16:17:15.773006,Purchase,Food,Mumbai,Mobile,0
TXN000503,CUST0168,2202.86,2025-12-23 16:17:15.773013,Purchase,Online,Mumbai,Mobile,0
TXN000504,CUST0101,6125.94,2025-11-22 16:17:15.773020,Purchase,Travel,Mumbai,Mobile,0
TXN000505,CUST0115,3698.71,2025-11-16 16:17:15.773027,Purchase,Retail,Mumbai,Mobile,0
TXN000506,CUST0102,4025.75,2026-01-03 16:17:15.773033,Withdrawal,Travel,Mumbai,Mobile,0
TXN000507,CUST0027,3815.21,2025-12-10 16:17:15.773043,Transfer,Online,Mumbai,Mobile,0
TXN000508,CUST0053,3272.02,2026-01-19 16:17:15.773049,Transfer,Retail,Mumbai,Mobile,0
TXN000509,CUST0052,5097.04,2025-12-05 16:17:15.773057,Withdrawal,Travel,Mumbai,Mobile,0
TXN000510,CUST0123,3338.1,2026-01-20 16:17:15.773064,Transfer,Retail,Mumbai,Mobile,0
TXN000511,CUST0099,5540.91,2026-01-05 16:17:15.773071,Withdrawal,Retail,Mumbai,Mobile,0
TXN000512,CUST0026,4899.52,2025-12-18 16:17:15.773079,Transfer,Online,Mumbai,Mobile,0
TXN000513,CUST0111,4522.1,2025-11-20 16:17:15.773085,Withdrawal,Travel,Mumbai,Mobile,0
TXN000514,CUST0119,3184.87,2026-01-13 16:17:15.773092,Purchase,Food,Mumbai,Mobile,0
TXN000515,CUST0084,3846.46,2025-11-25 16:17:15.773099,Purchase,Travel,Mumbai,Mobile,0
TXN000516,CUST0143,6510.78,2026-01-01 16:17:15.773106,Purchase,Online,Mumbai,Mobile,0
TXN000517,CUST0058,6001.83,2025-12-18 16:17:15.773114,Purchase,Travel,Mumbai,Mobile,0
TXN000518,CUST0171,3044.89,2025-12-09 16:17:15.773121,Transfer,Online,Mumbai,Mobile,0
TXN000519,CUST0004,5198.66,2026-01-04 16:17:15.773140,Withdrawal,Retail,Mumbai,Mobile,0
TXN000520,CUST0044,6502.77,2026-01-28 16:17:15.773152,Purchase,Retail,Mumbai,Mobile,0
TXN000521,CUST0158,1661.19,2025-12-21 16:17:15.773159,Purchase,Food,Mumbai,Mobile,0
TXN000522,CUST0194,6086.72,2025-12-20 16:17:15.773167,Withdrawal,Travel,Mumbai,Mobile,0
TXN000523,CUST0191,3674.75,2025-12-05 16:17:15.773174,Purchase,Food,Mumbai,Mobile,0
TXN000524,CUST0097,6141.2,2026-02-10 16:17:15.773181,Purchase,Retail,Mumbai,Mobile,0
TXN000525,CUST0177,3473.48,2025-11-15 16:17:15.773188,Purchase,Retail,Mumbai,Mobile,0
TXN000526,CUST0101,1390.24,2026-02-08 16:17:15.773195,Withdrawal,Travel,Mumbai,Mobile,0
TXN000527,CUST0010,1744.92,2025-12-29 16:17:15.773202,Transfer,Travel,Mumbai,Mobile,0
TXN000528,CUST0011,5096.17,2025-12-23 16:17:15.773209,Purchase,Travel,Mumbai,Mobile,0
TXN000529,CUST0101,5519.45,2026-02-02 16:17:15.773216,Transfer,Food,Mumbai,Mobile,0
TXN000530,CUST0070,3191.37,2025-11-20 16:17:15.773223,Purchase,Online,Mumbai,Mobile,0
TXN000531,CUST0100,6277.18,2025-12-20 16:17:15.773230,Withdrawal,Online,Mumbai,Mobile,0
TXN000532,CUST0160,1676.96,2025-11-13 16:17:15.773237,Transfer,Retail,Mumbai,Mobile,0
TXN000533,CUST0033,4867.84,2026-01-05 16:17:15.773244,Transfer,Online,Mumbai,Mobile,0
TXN000534,CUST0197,2577.97,2025-11-21 16:17:15.773251,Purchase,Travel,Mumbai,Mobile,0
TXN000535,CUST0199,3696.33,2025-12-23 16:17:15.773258,Withdrawal,Travel,Mumbai,Mobile,0
TXN000536,CUST0090,5094.8,2026-01-10 16:17:15.773266,Transfer,Travel,Mumbai,Mobile,0
TXN000537,CUST0060,3279.17,2025-11-29 16:17:15.773273,Transfer,Travel,Mumbai,Mobile,0
TXN000538,CUST0051,4230.89,2026-02-07 16:17:15.773280,Transfer,Food,Mumbai,Mobile,0
TXN000539,CUST0116,7012.59,2026-01-05 16:17:15.773293,Transfer,Food,Mumbai,Mobile,0
TXN000540,CUST0007,3846.22,2025-12-23 16:17:15.773302,Withdrawal,Retail,Mumbai,Mobile,0
TXN000541,CUST0111,6671.38,2025-11-18 16:17:15.773310,Purchase,Retail,Mumbai,Mobile,0
TXN000542,CUST0200,2740.59,2026-01-21 16:17:15.773316,Transfer,Retail,Mumbai,Mobile,0
TXN000543,CUST0139,6059.61,2025-12-24 16:17:15.773323,Transfer,Online,Mumbai,Mobile,0
TXN000544,CUST0119,7883.14,2026-02-05 16:17:15.773331,Withdrawal,Retail,Mumbai,Mobile,0
TXN000545,CUST0186,100.0,2026-01-15 16:17:15.773338,Transfer,Travel,Mumbai,Mobile,0
TXN000546,CUST0082,3406.21,2026-01-12 16:17:15.773345,Purchase,Food,Mumbai,Mobile,0
TXN000547,CUST0072,6154.14,2026-01-28 16:17:15.773353,Transfer,Online,Mumbai,Mobile,0
TXN000548,CUST0042,4593.91,2026-02-04 16:17:15.773360,Withdrawal,Retail,Mumbai,Mobile,0
TXN000549,CUST0074,5742.29,2025-11-13 16:17:15.773368,Withdrawal,Travel,Mumbai,Mobile,0
TXN000550,CUST0145,3792.03,2025-11-23 16:17:15.773376,Withdrawal,Online,Mumbai,Mobile,0
TXN000551,CUST0134,5173.18,2026-01-16 16:17:15.773382,Withdrawal,Online,Mumbai,Mobile,0
TXN000552,CUST0101,4688.65,2025-12-08 16:17:15.773389,Transfer,Online,Mumbai,Mobile,0
TXN000553,CUST0022,7335.56,2026-01-28 16:17:15.773397,Transfer,Retail,Mumbai,Mobile,0
TXN000554,CUST0041,5508.84,2026-01-28 16:17:15.773404,Transfer,Retail,Mumbai,Mobile,0
TXN000555,CUST0088,5675.21,2026-02-10 16:17:15.773411,Purchase,Retail,Mumbai,Mobile,0
TXN000556,CUST0059,4176.25,2026-01-14 16:17:15.773418,Transfer,Food,Mumbai,Mobile,0
TXN000557,CUST0034,4024.79,2025-11-13 16:17:15.773426,Transfer,Travel,Mumbai,Mobile,0
TXN000558,CUST0163,4134.88,2025-12-06 16:17:15.773433,Transfer,Online,Mumbai,Mobile,0
TXN000559,CUST0030,5788.9,2025-11-23 16:17:15.773442,Withdrawal,Travel,Mumbai,Mobile,0
TXN000560,CUST0151,4158.03,2026-01-19 16:17:15.773451,Transfer,Retail,Mumbai,Mobile,0
TXN000561,CUST0160,5579.55,2025-12-14 16:17:15.773458,Withdrawal,Food,Mumbai,Mobile,0
TXN000562,CUST0059,9150.8,2025-12-08 16:17:15.773466,Withdrawal,Travel,Mumbai,Mobile,0
TXN000563,CUST0139,6742.25,2025-12-25 16:17:15.773473,Purchase,Food,Mumbai,Mobile,0
TXN000564,CUST0141,4347.95,2025-12-11 16:17:15.773483,Purchase,Retail,Mumbai,Mobile,0
TXN000565,CUST0102,7402.43,2026-01-29 16:17:15.773490,Purchase,Online,Mumbai,Mobile,0
TXN000566,CUST0106,4183.85,2025-12-29 16:17:15.773497,Withdrawal,Travel,Mumbai,Mobile,0
TXN000567,CUST0070,923.75,2026-01-09 16:17:15.773515,Transfer,Retail,Mumbai,Mobile,0
TXN000568,CUST0089,2983.83,2026-01-13 16:17:15.773527,Purchase,Retail,Mumbai,Mobile,0
TXN000569,CUST0057,1258.42,2026-02-01 16:17:15.773534,Transfer,Food,Mumbai,Mobile,0
TXN000570,CUST0021,4296.97,2025-11-23 16:17:15.773542,Transfer,Food,Mumbai,Mobile,0
TXN000571,CUST0170,5036.84,2025-12-26 16:17:15.773552,Withdrawal,Retail,Mumbai,Mobile,0
TXN000572,CUST0199,8352.87,2025-12-02 16:17:15.773559,Withdrawal,Online,Mumbai,Mobile,0
TXN000573,CUST0094,5653.85,2026-01-02 16:17:15.773566,Withdrawal,Food,Mumbai,Mobile,0
TXN000574,CUST0087,4561.8,2025-11-14 16:17:15.773573,Purchase,Online,Mumbai,Mobile,0
TXN000575,CUST0176,6658.81,2025-12-03 16:17:15.773580,Purchase,Travel,Mumbai,Mobile,0
TXN000576,CUST0172,577.73,2025-11-19 16:17:15.773587,Transfer,Retail,Mumbai,Mobile,0
TXN000577,CUST0088,5471.23,2026-02-07 16:17:15.773593,Transfer,Food,Mumbai,Mobile,0
TXN000578,CUST0093,6541.73,2025-12-05 16:17:15.773604,Purchase,Travel,Mumbai,Mobile,0
TXN000579,CUST0028,2042.83,2026-01-30 16:17:15.773612,Purchase,Online,Mumbai,Mobile,0
TXN000580,CUST0081,7287.51,2025-12-01 16:17:15.773620,Withdrawal,Online,Mumbai,Mobile,0
TXN000581,CUST0133,5676.99,2025-11-16 16:17:15.773627,Transfer,Online,Mumbai,Mobile,0
TXN000582,CUST0168,4169.42,2025-12-12 16:17:15.773635,Purchase,Food,Mumbai,Mobile,0
TXN000583,CUST0017,6265.56,2026-01-16 16:17:15.773642,Purchase,Retail,Mumbai,Mobile,0
TXN000584,CUST0129,9541.39,2025-12-27 16:17:15.773649,Withdrawal,Travel,Mumbai,Mobile,0
TXN000585,CUST0037,5363.73,2025-11-24 16:17:15.773657,Withdrawal,Food,Mumbai,Mobile,0
TXN000586,CUST0174,5496.44,2025-11-16 16:17:15.773664,Withdrawal,Retail,Mumbai,Mobile,0
TXN000587,CUST0087,4081.28,2026-01-07 16:17:15.773672,Withdrawal,Travel,Mumbai,Mobile,0
TXN000588,CUST0184,3300.31,2025-11-25 16:17:15.773679,Purchase,Food,Mumbai,Mobile,0
TXN000589,CUST0139,6660.67,2025-11-29 16:17:15.773686,Withdrawal,Retail,Mumbai,Mobile,0
TXN000590,CUST0102,3287.83,2026-01-04 16:17:15.773693,Transfer,Travel,Mumbai,Mobile,0
TXN000591,CUST0012,5143.13,2025-12-03 16:17:15.773700,Withdrawal,Food,Mumbai,Mobile,0
TXN000592,CUST0061,4044.69,2026-01-15 16:17:15.773708,Purchase,Retail,Mumbai,Mobile,0
TXN000593,CUST0114,5957.96,2025-12-17 16:17:15.773716,Purchase,Food,Mumbai,Mobile,0
TXN000594,CUST0155,5667.32,2025-12-03 16:17:15.773724,Transfer,Online,Mumbai,Mobile,0
TXN000595,CUST0009,7075.08,2026-01-17 16:17:15.773731,Purchase,Food,Mumbai,Mobile,0
TXN000596,CUST0195,3979.97,2026-01-31 16:17:15.773738,Purchase,Food,Mumbai,Mobile,0
TXN000597,CUST0195,4460.25,2026-01-24 16:17:15.773745,Transfer,Food,Mumbai,Mobile,0
TXN000598,CUST0100,3042.47,2026-01-01 16:17:15.773756,Withdrawal,Online,Mumbai,Mobile,0
TXN000599,CUST0034,4111.41,2026-01-02 16:17:15.773763,Transfer,Online,Mumbai,Mobile,0
TXN000600,CUST0060,5754.6,2025-11-26 16:17:15.773770,Withdrawal,Food,Mumbai,Mobile,0
TXN000601,CUST0172,6513.98,2025-12-15 16:17:15.773776,Withdrawal,Food,Mumbai,Mobile,0
TXN000602,CUST0075,3155.67,2026-02-11 16:17:15.773784,Purchase,Online,Mumbai,Mobile,0
TXN000603,CUST0163,6739.21,2026-01-29 16:17:15.773794,Withdrawal,Retail,Mumbai,Mobile,0
TXN000604,CUST0141,7711.28,2026-01-09 16:17:15.773801,Purchase,Travel,Mumbai,Mobile,0
TXN000605,CUST0061,5826.87,2026-01-02 16:17:15.773808,Transfer,Online,Mumbai,Mobile,0
TXN000606,CUST0197,8753.59,2026-01-23 16:17:15.773816,Withdrawal,Retail,Mumbai,Mobile,0
TXN000607,CUST0161,3452.42,2025-11-18 16:17:15.773823,Withdrawal,Retail,Mumbai,Mobile,0
TXN000608,CUST0196,2510.69,2025-12-05 16:17:15.773830,Withdrawal,Food,Mumbai,Mobile,0
TXN000609,CUST0134,1442.56,2025-11-13 16:17:15.773838,Purchase,Food,Mumbai,Mobile,0
TXN000610,CUST0118,7992.09,2026-01-22 16:17:15.773845,Withdrawal,Food,Mumbai,Mobile,0
TXN000611,CUST0167,6308.73,2025-11-25 16:17:15.773853,Transfer,Online,Mumbai,Mobile,0
TXN000612,CUST0028,4888.83,2025-12-29 16:17:15.773859,Withdrawal,Food,Mumbai,Mobile,0
TXN000613,CUST0022,5559.94,2025-11-27 16:17:15.773866,Purchase,Online,Mumbai,Mobile,0
TXN000614,CUST0196,2749.02,2026-01-08 16:17:15.773874,Transfer,Food,Mumbai,Mobile,0
TXN000615,CUST0067,9891.5,2025-12-25 16:17:15.773881,Purchase,Travel,Mumbai,Mobile,0
TXN000616,CUST0048,5258.44,2025-11-29 16:17:15.773889,Withdrawal,Online,Mumbai,Mobile,0
TXN000617,CUST0001,5218.79,2025-11-25 16:17:15.773899,Transfer,Travel,Mumbai,Mobile,0
TXN000618,CUST0186,6451.53,2025-12-23 16:17:15.773907,Transfer,Retail,Mumbai,Mobile,0
TXN000619,CUST0187,5962.02,2026-01-09 16:17:15.773914,Transfer,Food,Mumbai,Mobile,0
TXN000620,CUST0112,5447.77,2025-11-24 16:17:15.773922,Purchase,Online,Mumbai,Mobile,0
TXN000621,CUST0067,3419.05,2026-01-28 16:17:15.773929,Withdrawal,Retail,Mumbai,Mobile,0
TXN000622,CUST0113,5942.94,2025-11-15 16:17:15.773937,Purchase,Food,Mumbai,Mobile,0
TXN000623,CUST0098,8764.05,2026-01-13 16:17:15.773944,Withdrawal,Online,Mumbai,Mobile,0
TXN000624,CUST0135,7690.84,2026-02-04 16:17:15.773952,Withdrawal,Food,Mumbai,Mobile,0
TXN000625,CUST0019,8186.37,2025-12-05 16:17:15.773962,Purchase,Food,Mumbai,Mobile,0
TXN000626,CUST0117,3977.57,2026-01-06 16:17:15.773969,Purchase,Travel,Mumbai,Mobile,0
TXN000627,CUST0039,3020.79,2025-12-23 16:17:15.773977,Withdrawal,Online,Mumbai,Mobile,0
TXN000628,CUST0052,4748.43,2025-12-21 16:17:15.773985,Withdrawal,Online,Mumbai,Mobile,0
TXN000629,CUST0181,5111.45,2025-12-23 16:17:15.773992,Purchase,Online,Mumbai,Mobile,0
TXN000630,CUST0052,7188.38,2025-12-09 16:17:15.774000,Withdrawal,Food,Mumbai,Mobile,0
TXN000631,CUST0099,1615.07,2025-12-03 16:17:15.774008,Transfer,Travel,Mumbai,Mobile,0
TXN000632,CUST0126,8059.1,2025-11-28 16:17:15.774015,Withdrawal,Online,Mumbai,Mobile,0
TXN000633,CUST0051,4683.98,2025-12-02 16:17:15.774022,Transfer,Online,Mumbai,Mobile,0
TXN000634,CUST0028,4146.24,2026-01-28 16:17:15.774029,Withdrawal,Retail,Mumbai,Mobile,0
TXN000635,CUST0089,2975.79,2025-11-27 16:17:15.774039,Transfer,Food,Mumbai,Mobile,0
TXN000636,CUST0111,1690.29,2026-01-02 16:17:15.774046,Withdrawal,Travel,Mumbai,Mobile,0
TXN000637,CUST0169,6646.34,2025-12-17 16:17:15.774055,Purchase,Travel,Mumbai,Mobile,0
TXN000638,CUST0062,5146.64,2025-12-30 16:17:15.774062,Withdrawal,Travel,Mumbai,Mobile,0
TXN000639,CUST0182,2420.08,2025-12-02 16:17:15.774069,Transfer,Travel,Mumbai,Mobile,0
TXN000640,CUST0031,2409.84,2025-11-23 16:17:15.774077,Purchase,Travel,Mumbai,Mobile,0
TXN000641,CUST0054,4328.43,2026-01-26 16:17:15.774084,Withdrawal,Travel,Mumbai,Mobile,0
TXN000642,CUST0088,8338.04,2025-12-09 16:17:15.774090,Purchase,Travel,Mumbai,Mobile,0
TXN000643,CUST0057,4480.82,2026-01-08 16:17:15.774097,Withdrawal,Food,Mumbai,Mobile,0
TXN000644,CUST0147,1993.71,2025-12-11 16:17:15.774104,Withdrawal,Travel,Mumbai,Mobile,0
TXN000645,CUST0077,4508.51,2025-11-21 16:17:15.774110,Purchase,Retail,Mumbai,Mobile,0
TXN000646,CUST0083,4454.55,2025-12-08 16:17:15.774117,Transfer,Online,Mumbai,Mobile,0
TXN000647,CUST0020,100.0,2025-11-16 16:17:15.774124,Purchase,Travel,Mumbai,Mobile,0
TXN000648,CUST0114,4891.41,2026-02-05 16:17:15.774142,Withdrawal,Retail,Mumbai,Mobile,0
TXN000649,CUST0168,4538.13,2026-01-10 16:17:15.774151,Transfer,Online,Mumbai,Mobile,0
TXN000650,CUST0110,6392.41,2025-12-26 16:17:15.774158,Transfer,Travel,Mumbai,Mobile,0
TXN000651,CUST0196,8697.91,2025-12-06 16:17:15.774164,Withdrawal,Retail,Mumbai,Mobile,0
TXN000652,CUST0187,7253.13,2025-11-20 16:17:15.774171,Withdrawal,Food,Mumbai,Mobile,0
TXN000653,CUST0178,4462.22,2026-02-03 16:17:15.774178,Withdrawal,Travel,Mumbai,Mobile,0
TXN000654,CUST0019,2786.95,2025-11-23 16:17:15.774186,Withdrawal,Food,Mumbai,Mobile,0
TXN000655,CUST0005,10146.72,2025-11-30 16:17:15.774193,Withdrawal,Online,Mumbai,Mobile,0
TXN000656,CUST0118,5118.44,2025-12-12 16:17:15.774207,Withdrawal,Retail,Mumbai,Mobile,0
TXN000657,CUST0101,5027.86,2025-12-05 16:17:15.774213,Withdrawal,Travel,Mumbai,Mobile,0
TXN000658,CUST0031,4951.75,2026-01-17 16:17:15.774219,Transfer,Retail,Mumbai,Mobile,0
TXN000659,CUST0093,5396.17,2025-12-18 16:17:15.774227,Transfer,Online,Mumbai,Mobile,0
TXN000660,CUST0198,4711.28,2025-12-10 16:17:15.774234,Withdrawal,Online,Mumbai,Mobile,0
TXN000661,CUST0063,3852.68,2025-11-29 16:17:15.774242,Withdrawal,Travel,Mumbai,Mobile,0
TXN000662,CUST0117,3906.28,2025-12-08 16:17:15.774250,Transfer,Retail,Mumbai,Mobile,0
TXN000663,CUST0057,4934.49,2026-01-17 16:17:15.774257,Transfer,Food,Mumbai,Mobile,0
TXN000664,CUST0147,3913.15,2025-12-17 16:17:15.774264,Purchase,Online,Mumbai,Mobile,0
TXN000665,CUST0155,3574.31,2025-12-29 16:17:15.774271,Transfer,Travel,Mumbai,Mobile,0
TXN000666,CUST0068,5212.86,2026-01-07 16:17:15.774278,Purchase,Online,Mumbai,Mobile,0
TXN000667,CUST0168,4490.05,2026-01-04 16:17:15.774287,Purchase,Travel,Mumbai,Mobile,0
TXN000668,CUST0164,8007.99,2025-12-01 16:17:15.774294,Withdrawal,Food,Mumbai,Mobile,0
TXN000669,CUST0173,100.0,2025-12-28 16:17:15.774301,Transfer,Online,Mumbai,Mobile,0
TXN000670,CUST0090,7183.01,2025-12-26 16:17:15.774309,Withdrawal,Travel,Mumbai,Mobile,0
TXN000671,CUST0070,7492.17,2025-12-08 16:17:15.774315,Transfer,Travel,Mumbai,Mobile,0
TXN000672,CUST0068,853.22,2025-12-06 16:17:15.774322,Withdrawal,Retail,Mumbai,Mobile,0
TXN000673,CUST0158,4314.62,2025-11-23 16:17:15.774329,Purchase,Travel,Mumbai,Mobile,0
TXN000674,CUST0040,4257.12,2026-01-26 16:17:15.774336,Purchase,Retail,Mumbai,Mobile,0
TXN000675,CUST0082,2184.98,2025-12-03 16:17:15.774343,Withdrawal,Travel,Mumbai,Mobile,0
TXN000676,CUST0052,3444.37,2026-01-12 16:17:15.774353,Transfer,Online,Mumbai,Mobile,0
TXN000677,CUST0130,2778.85,2025-11-17 16:17:15.774359,Transfer,Travel,Mumbai,Mobile,0
TXN000678,CUST0066,8504.54,2025-12-26 16:17:15.774367,Withdrawal,Food,Mumbai,Mobile,0
TXN000679,CUST0103,6871.36,2025-11-27 16:17:15.774375,Withdrawal,Travel,Mumbai,Mobile,0
TXN000680,CUST0105,7543.11,2025-11-26 16:17:15.774382,Transfer,Online,Mumbai,Mobile,0
TXN000681,CUST0199,6443.34,2026-01-03 16:17:15.774389,Purchase,Online,Mumbai,Mobile,0
TXN000682,CUST0188,2741.9,2026-01-15 16:17:15.774397,Purchase,Online,Mumbai,Mobile,0
TXN000683,CUST0008,3950.96,2026-01-11 16:17:15.774405,Purchase,Online,Mumbai,Mobile,0
TXN000684,CUST0027,5978.75,2025-12-28 16:17:15.774412,Withdrawal,Travel,Mumbai,Mobile,0
TXN000685,CUST0130,2555.74,2025-12-16 16:17:15.774419,Withdrawal,Travel,Mumbai,Mobile,0
TXN000686,CUST0061,6426.0,2025-12-23 16:17:15.774426,Withdrawal,Food,Mumbai,Mobile,0
TXN000687,CUST0095,4519.35,2025-12-14 16:17:15.774433,Purchase,Online,Mumbai,Mobile,0
TXN000688,CUST0016,4250.36,2025-12-02 16:17:15.774440,Transfer,Retail,Mumbai,Mobile,0
TXN000689,CUST0016,6421.92,2026-01-14 16:17:15.774447,Purchase,Travel,Mumbai,Mobile,0
TXN000690,CUST0015,5888.53,2025-11-26 16:17:15.774454,Withdrawal,Retail,Mumbai,Mobile,0
TXN000691,CUST0155,4278.07,2025-12-08 16:17:15.774461,Withdrawal,Food,Mumbai,Mobile,0
TXN000692,CUST0059,7318.66,2025-12-11 16:17:15.774469,Purchase,Travel,Mumbai,Mobile,0
TXN000693,CUST0105,2837.87,2026-01-21 16:17:15.774476,Withdrawal,Food,Mumbai,Mobile,0
TXN000694,CUST0024,6231.87,2025-11-23 16:17:15.774487,Purchase,Travel,Mumbai,Mobile,0
TXN000695,CUST0058,6186.2,2026-01-30 16:17:15.774497,Purchase,Retail,Mumbai,Mobile,0
TXN000696,CUST0069,4380.91,2025-12-04 16:17:15.774518,Withdrawal,Online,Mumbai,Mobile,0
TXN000697,CUST0075,5652.27,2025-12-27 16:17:15.774529,Purchase,Travel,Mumbai,Mobile,0
TXN000698,CUST0054,2497.77,2026-02-08 16:17:15.774541,Purchase,Retail,Mumbai,Mobile,0
TXN000699,CUST0146,6848.05,2025-12-31 16:17:15.774550,Purchase,Online,Mumbai,Mobile,0
TXN000700,CUST0096,4630.2,2025-12-03 16:17:15.774558,Purchase,Online,Mumbai,Mobile,0
TXN000701,CUST0196,3954.55,2025-12-11 16:17:15.774565,Withdrawal,Online,Mumbai,Mobile,0
TXN000702,CUST0016,7098.02,2026-01-25 16:17:15.774572,Withdrawal,Online,Mumbai,Mobile,0
TXN000703,CUST0116,3591.31,2025-12-08 16:17:15.774579,Transfer,Food,Mumbai,Mobile,0
TXN000704,CUST0102,2183.08,2026-01-15 16:17:15.774586,Purchase,Food,Mumbai,Mobile,0
TXN000705,CUST0054,1886.74,2025-12-16 16:17:15.774594,Withdrawal,Retail,Mumbai,Mobile,0
TXN000706,CUST0032,6212.02,2025-11-18 16:17:15.774602,Transfer,Food,Mumbai,Mobile,0
TXN000707,CUST0163,2439.14,2026-02-11 16:17:15.774608,Transfer,Retail,Mumbai,Mobile,0
TXN000708,CUST0063,8509.59,2025-12-11 16:17:15.774616,Withdrawal,Travel,Mumbai,Mobile,0
TXN000709,CUST0074,836.14,2025-12-03 16:17:15.774622,Purchase,Travel,Mumbai,Mobile,0
TXN000710,CUST0041,8392.91,2026-02-03 16:17:15.774633,Withdrawal,Food,Mumbai,Mobile,0
TXN000711,CUST0050,5422.03,2026-02-10 16:17:15.774640,Withdrawal,Food,Mumbai,Mobile,0
TXN000712,CUST0040,4806.57,2026-01-31 16:17:15.774647,Transfer,Online,Mumbai,Mobile,0
TXN000713,CUST0167,3910.16,2026-01-19 16:17:15.774654,Purchase,Food,Mumbai,Mobile,0
TXN000714,CUST0166,5798.27,2025-12-28 16:17:15.774661,Withdrawal,Travel,Mumbai,Mobile,0
TXN000715,CUST0021,4924.73,2026-01-26 16:17:15.774671,Transfer,Food,Mumbai,Mobile,0
TXN000716,CUST0177,7206.6,2025-12-22 16:17:15.774679,Purchase,Travel,Mumbai,Mobile,0
TXN000717,CUST0008,5228.46,2025-12-06 16:17:15.774686,Purchase,Online,Mumbai,Mobile,0
TXN000718,CUST0172,5300.6,2025-12-02 16:17:15.774693,Withdrawal,Travel,Mumbai,Mobile,0
TXN000719,CUST0047,4272.78,2025-11-13 16:17:15.774701,Transfer,Food,Mumbai,Mobile,0
TXN000720,CUST0108,4886.11,2025-12-21 16:17:15.774708,Purchase,Travel,Mumbai,Mobile,0
TXN000721,CUST0138,5615.6,2026-01-20 16:17:15.774716,Purchase,Travel,Mumbai,Mobile,0
TXN000722,CUST0126,1579.66,2026-01-06 16:17:15.774723,Transfer,Travel,Mumbai,Mobile,0
TXN000723,CUST0147,2303.63,2025-12-17 16:17:15.774730,Withdrawal,Retail,Mumbai,Mobile,0
TXN000724,CUST0178,6486.53,2026-02-04 16:17:15.774737,Purchase,Food,Mumbai,Mobile,0
TXN000725,CUST0034,5341.73,2026-01-03 16:17:15.774746,Transfer,Retail,Mumbai,Mobile,0
TXN000726,CUST0003,4632.03,2026-01-26 16:17:15.774753,Transfer,Travel,Mumbai,Mobile,0
TXN000727,CUST0131,5036.87,2026-01-02 16:17:15.774760,Transfer,Online,Mumbai,Mobile,0
TXN000728,CUST0178,5695.16,2025-12-18 16:17:15.774768,Transfer,Food,Mumbai,Mobile,0
TXN000729,CUST0069,3920.48,2026-02-04 16:17:15.774775,Transfer,Online,Mumbai,Mobile,0
TXN000730,CUST0054,3443.39,2026-02-03 16:17:15.774785,Transfer,Retail,Mumbai,Mobile,0
TXN000731,CUST0072,5391.69,2026-01-24 16:17:15.774793,Transfer,Online,Mumbai,Mobile,0
TXN000732,CUST0127,3043.25,2026-01-27 16:17:15.774799,Transfer,Food,Mumbai,Mobile,0
TXN000733,CUST0076,5816.51,2026-01-03 16:17:15.774807,Transfer,Food,Mumbai,Mobile,0
TXN000734,CUST0164,1594.83,2026-02-06 16:17:15.774816,Withdrawal,Online,Mumbai,Mobile,0
TXN000735,CUST0160,7058.31,2025-11-25 16:17:15.774824,Transfer,Food,Mumbai,Mobile,0
TXN000736,CUST0173,5945.19,2026-01-03 16:17:15.774831,Transfer,Food,Mumbai,Mobile,0
TXN000737,CUST0083,5512.06,2026-01-24 16:17:15.774838,Transfer,Online,Mumbai,Mobile,0
TXN000738,CUST0038,6965.38,2026-02-09 16:17:15.774845,Withdrawal,Travel,Mumbai,Mobile,0
TXN000739,CUST0034,8330.95,2025-11-29 16:17:15.774852,Transfer,Online,Mumbai,Mobile,0
TXN000740,CUST0036,7028.74,2026-02-11 16:17:15.774859,Transfer,Travel,Mumbai,Mobile,0
TXN000741,CUST0196,1318.25,2026-01-28 16:17:15.774867,Purchase,Food,Mumbai,Mobile,0
TXN000742,CUST0011,2440.85,2025-12-05 16:17:15.774874,Transfer,Travel,Mumbai,Mobile,0
TXN000743,CUST0027,3750.36,2025-11-18 16:17:15.774882,Purchase,Online,Mumbai,Mobile,0
TXN000744,CUST0100,5052.18,2026-01-27 16:17:15.774889,Purchase,Travel,Mumbai,Mobile,0
TXN000745,CUST0127,6035.32,2026-01-11 16:17:15.774896,Purchase,Food,Mumbai,Mobile,0
TXN000746,CUST0032,3548.51,2026-01-09 16:17:15.774903,Purchase,Food,Mumbai,Mobile,0
TXN000747,CUST0149,5373.53,2025-11-28 16:17:15.774911,Transfer,Travel,Mumbai,Mobile,0
TXN000748,CUST0096,3489.23,2025-11-19 16:17:15.774917,Withdrawal,Retail,Mumbai,Mobile,0
TXN000749,CUST0182,3776.96,2025-11-14 16:17:15.774924,Withdrawal,Food,Mumbai,Mobile,0
TXN000750,CUST0104,2186.68,2026-01-19 16:17:15.774932,Transfer,Online,Mumbai,Mobile,0
TXN000751,CUST0117,3153.53,2026-02-08 16:17:15.774939,Purchase,Online,Mumbai,Mobile,0
TXN000752,CUST0154,2296.63,2026-01-28 16:17:15.774946,Transfer,Online,Mumbai,Mobile,0
TXN000753,CUST0092,3048.25,2026-01-27 16:17:15.774952,Withdrawal,Travel,Mumbai,Mobile,0
TXN000754,CUST0131,7107.28,2025-12-19 16:17:15.774962,Purchase,Travel,Mumbai,Mobile,0
TXN000755,CUST0005,3101.2,2026-01-02 16:17:15.774968,Transfer,Retail,Mumbai,Mobile,0
TXN000756,CUST0018,10264.76,2025-12-28 16:17:15.774976,Purchase,Travel,Mumbai,Mobile,0
TXN000757,CUST0046,5986.64,2026-01-04 16:17:15.774983,Withdrawal,Travel,Mumbai,Mobile,0
TXN000758,CUST0178,5369.67,2026-01-30 16:17:15.774990,Withdrawal,Travel,Mumbai,Mobile,0
TXN000759,CUST0007,3283.28,2026-02-06 16:17:15.774998,Purchase,Food,Mumbai,Mobile,0
TXN000760,CUST0039,6400.62,2026-01-27 16:17:15.775004,Purchase,Travel,Mumbai,Mobile,0
TXN000761,CUST0092,3848.72,2025-12-22 16:17:15.775011,Withdrawal,Food,Mumbai,Mobile,0
TXN000762,CUST0005,5244.02,2025-12-23 16:17:15.775019,Purchase,Food,Mumbai,Mobile,0
TXN000763,CUST0069,10120.17,2025-11-16 16:17:15.775024,Transfer,Food,Mumbai,Mobile,0
TXN000764,CUST0171,4807.88,2025-12-05 16:17:15.775028,Purchase,Retail,Mumbai,Mobile,0
TXN000765,CUST0037,7298.55,2025-12-25 16:17:15.775033,Withdrawal,Food,Mumbai,Mobile,0
TXN000766,CUST0024,3593.65,2025-11-18 16:17:15.775037,Purchase,Food,Mumbai,Mobile,0
TXN000767,CUST0068,4930.02,2025-12-28 16:17:15.775041,Purchase,Travel,Mumbai,Mobile,0
TXN000768,CUST0005,8541.6,2026-01-25 16:17:15.775045,Purchase,Food,Mumbai,Mobile,0
TXN000769,CUST0001,3746.07,2025-11-17 16:17:15.775049,Purchase,Online,Mumbai,Mobile,0
TXN000770,CUST0185,8624.9,2026-02-06 16:17:15.775053,Transfer,Travel,Mumbai,Mobile,0
TXN000771,CUST0089,6415.5,2025-11-19 16:17:15.775057,Withdrawal,Travel,Mumbai,Mobile,0
TXN000772,CUST0014,3875.07,2026-01-01 16:17:15.775061,Purchase,Online,Mumbai,Mobile,0
TXN000773,CUST0147,6264.82,2026-01-18 16:17:15.775070,Purchase,Travel,Mumbai,Mobile,0
TXN000774,CUST0034,6945.11,2025-11-30 16:17:15.775077,Withdrawal,Travel,Mumbai,Mobile,0
TXN000775,CUST0005,6243.62,2026-02-03 16:17:15.775084,Purchase,Travel,Mumbai,Mobile,0
TXN000776,CUST0154,1859.55,2026-01-31 16:17:15.775090,Purchase,Travel,Mumbai,Mobile,0
TXN000777,CUST0124,3545.73,2026-01-07 16:17:15.775098,Purchase,Online,Mumbai,Mobile,0
TXN000778,CUST0107,4504.96,2025-11-13 16:17:15.775104,Transfer,Online,Mumbai,Mobile,0
TXN000779,CUST0090,4851.13,2026-01-24 16:17:15.775112,Transfer,Food,Mumbai,Mobile,0
TXN000780,CUST0141,6241.34,2025-12-22 16:17:15.775119,Purchase,Travel,Mumbai,Mobile,0
TXN000781,CUST0168,5355.4,2026-01-28 16:17:15.775134,Transfer,Retail,Mumbai,Mobile,0
TXN000782,CUST0106,2329.31,2025-11-13 16:17:15.775143,Withdrawal,Online,Mumbai,Mobile,0
TXN000783,CUST0047,5760.4,2025-12-31 16:17:15.775151,Transfer,Food,Mumbai,Mobile,0
TXN000784,CUST0140,6221.17,2025-11-23 16:17:15.775157,Purchase,Food,Mumbai,Mobile,0
TXN000785,CUST0192,6119.58,2025-12-29 16:17:15.775162,Transfer,Travel,Mumbai,Mobile,0
TXN000786,CUST0118,7161.56,2026-01-09 16:17:15.775166,Purchase,Retail,Mumbai,Mobile,0
TXN000787,CUST0155,6667.84,2025-12-09 16:17:15.775170,Purchase,Food,Mumbai,Mobile,0
TXN000788,CUST0199,5918.36,2025-12-19 16:17:15.775174,Withdrawal,Online,Mumbai,Mobile,0
TXN000789,CUST0122,4859.67,2026-01-31 16:17:15.775178,Withdrawal,Food,Mumbai,Mobile,0
TXN000790,CUST0002,1678.08,2026-02-09 16:17:15.775186,Withdrawal,Online,Mumbai,Mobile,0
TXN000791,CUST0114,5859.24,2026-01-22 16:17:15.775193,Withdrawal,Travel,Mumbai,Mobile,0
TXN000792,CUST0125,5415.38,2026-01-23 16:17:15.775199,Withdrawal,Travel,Mumbai,Mobile,0
TXN000793,CUST0123,5543.16,2026-02-04 16:17:15.775209,Withdrawal,Travel,Mumbai,Mobile,0
TXN000794,CUST0160,2446.5,2026-01-05 16:17:15.775219,Transfer,Travel,Mumbai,Mobile,0
TXN000795,CUST0182,2837.89,2025-11-18 16:17:15.775227,Withdrawal,Travel,Mumbai,Mobile,0
TXN000796,CUST0045,7106.31,2025-12-10 16:17:15.775237,Withdrawal,Online,Mumbai,Mobile,0
TXN000797,CUST0113,4920.89,2025-12-18 16:17:15.775244,Transfer,Retail,Mumbai,Mobile,0
TXN000798,CUST0096,6363.0,2025-11-20 16:17:15.775251,Withdrawal,Food,Mumbai,Mobile,0
TXN000799,CUST0030,5056.64,2026-01-02 16:17:15.775258,Purchase,Food,Mumbai,Mobile,0
TXN000800,CUST0076,5059.51,2026-01-09 16:17:15.775264,Transfer,Online,Mumbai,Mobile,0
TXN000801,CUST0159,6876.57,2025-11-18 16:17:15.775270,Withdrawal,Retail,Mumbai,Mobile,0
TXN000802,CUST0036,3967.91,2025-12-29 16:17:15.775277,Transfer,Food,Mumbai,Mobile,0
TXN000803,CUST0132,5192.24,2025-11-28 16:17:15.775284,Purchase,Travel,Mumbai,Mobile,0
TXN000804,CUST0094,4075.45,2025-11-17 16:17:15.775290,Transfer,Travel,Mumbai,Mobile,0
TXN000805,CUST0049,4131.01,2026-01-03 16:17:15.775297,Purchase,Food,Mumbai,Mobile,0
TXN000806,CUST0157,4381.66,2026-01-26 16:17:15.775304,Transfer,Food,Mumbai,Mobile,0
TXN000807,CUST0100,5444.27,2026-01-12 16:17:15.775312,Withdrawal,Travel,Mumbai,Mobile,0
TXN000808,CUST0121,4042.5,2026-01-19 16:17:15.775319,Purchase,Online,Mumbai,Mobile,0
TXN000809,CUST0056,7511.51,2025-12-04 16:17:15.775326,Withdrawal,Travel,Mumbai,Mobile,0
TXN000810,CUST0158,3210.79,2026-01-24 16:17:15.775333,Withdrawal,Travel,Mumbai,Mobile,0
TXN000811,CUST0090,4626.26,2026-02-07 16:17:15.775340,Withdrawal,Travel,Mumbai,Mobile,0
TXN000812,CUST0195,4120.54,2026-01-16 16:17:15.775350,Withdrawal,Travel,Mumbai,Mobile,0
TXN000813,CUST0050,7893.96,2026-01-15 16:17:15.775357,Withdrawal,Retail,Mumbai,Mobile,0
TXN000814,CUST0085,5393.11,2025-12-11 16:17:15.775364,Transfer,Online,Mumbai,Mobile,0
TXN000815,CUST0115,7063.69,2025-12-21 16:17:15.775372,Transfer,Online,Mumbai,Mobile,0
TXN000816,CUST0142,2028.88,2026-01-27 16:17:15.775393,Purchase,Travel,Mumbai,Mobile,0
TXN000817,CUST0180,5534.1,2025-11-29 16:17:15.775402,Transfer,Travel,Mumbai,Mobile,0
TXN000818,CUST0169,6779.26,2026-01-22 16:17:15.775408,Purchase,Retail,Mumbai,Mobile,0
TXN000819,CUST0027,5164.57,2025-11-22 16:17:15.775414,Transfer,Travel,Mumbai,Mobile,0
TXN000820,CUST0121,7130.96,2025-12-20 16:17:15.775423,Withdrawal,Food,Mumbai,Mobile,0
TXN000821,CUST0038,3965.42,2025-12-09 16:17:15.775429,Transfer,Travel,Mumbai,Mobile,0
TXN000822,CUST0017,7818.69,2026-01-07 16:17:15.775435,Purchase,Food,Mumbai,Mobile,0
TXN000823,CUST0014,9597.8,2025-12-21 16:17:15.775442,Transfer,Travel,Mumbai,Mobile,0
TXN000824,CUST0162,4274.32,2025-11-14 16:17:15.775449,Purchase,Retail,Mumbai,Mobile,0
TXN000825,CUST0184,4108.99,2025-11-21 16:17:15.775455,Purchase,Online,Mumbai,Mobile,0
TXN000826,CUST0003,7906.77,2025-12-23 16:17:15.775465,Withdrawal,Retail,Mumbai,Mobile,0
TXN000827,CUST0186,8159.14,2025-12-27 16:17:15.775472,Withdrawal,Food,Mumbai,Mobile,0
TXN000828,CUST0177,3954.28,2026-02-10 16:17:15.775478,Withdrawal,Food,Mumbai,Mobile,0
TXN000829,CUST0031,4159.63,2026-01-29 16:17:15.775485,Purchase,Food,Mumbai,Mobile,0
TXN000830,CUST0031,4436.43,2026-01-30 16:17:15.775491,Withdrawal,Online,Mumbai,Mobile,0
TXN000831,CUST0139,2311.1,2025-11-14 16:17:15.775498,Withdrawal,Retail,Mumbai,Mobile,0
TXN000832,CUST0113,3162.7,2025-12-19 16:17:15.775530,Purchase,Food,Mumbai,Mobile,0
TXN000833,CUST0111,2991.72,2025-12-10 16:17:15.775537,Purchase,Food,Mumbai,Mobile,0
TXN000834,CUST0103,3464.4,2026-01-20 16:17:15.775544,Transfer,Retail,Mumbai,Mobile,0
TXN000835,CUST0018,4930.63,2025-11-13 16:17:15.775551,Purchase,Retail,Mumbai,Mobile,0
TXN000836,CUST0094,5468.43,2026-01-15 16:17:15.775557,Transfer,Retail,Mumbai,Mobile,0
TXN000837,CUST0124,8101.0,2025-12-11 16:17:15.775564,Withdrawal,Food,Mumbai,Mobile,0
TXN000838,CUST0184,3003.29,2026-02-03 16:17:15.775571,Withdrawal,Food,Mumbai,Mobile,0
TXN000839,CUST0027,6968.64,2026-01-12 16:17:15.775577,Withdrawal,Travel,Mumbai,Mobile,0
TXN000840,CUST0197,4572.02,2025-12-10 16:17:15.775583,Transfer,Online,Mumbai,Mobile,0
TXN000841,CUST0135,4901.07,2025-11-29 16:17:15.775590,Withdrawal,Travel,Mumbai,Mobile,0
TXN000842,CUST0067,6349.64,2025-12-10 16:17:15.775596,Purchase,Online,Mumbai,Mobile,0
TXN000843,CUST0087,2754.56,2026-02-06 16:17:15.775603,Purchase,Retail,Mumbai,Mobile,0
TXN000844,CUST0047,5764.82,2026-01-25 16:17:15.775609,Purchase,Travel,Mumbai,Mobile,0
TXN000845,CUST0181,5332.9,2026-01-11 16:17:15.775616,Withdrawal,Online,Mumbai,Mobile,0
TXN000846,CUST0101,5984.9,2025-11-20 16:17:15.775623,Withdrawal,Retail,Mumbai,Mobile,0
TXN000847,CUST0155,5578.34,2025-12-18 16:17:15.775630,Purchase,Travel,Mumbai,Mobile,0
TXN000848,CUST0165,9910.6,2025-11-14 16:17:15.775637,Transfer,Travel,Mumbai,Mobile,0
TXN000849,CUST0085,3724.52,2026-01-10 16:17:15.775644,Withdrawal,Online,Mumbai,Mobile,0
TXN000850,CUST0141,3938.01,2025-12-03 16:17:15.775650,Transfer,Retail,Mumbai,Mobile,0
TXN000851,CUST0160,37638.9,2026-02-06 16:17:15.775698,Transfer,Online,Unknown,Desktop,1
TXN000852,CUST0189,34915.06,2026-01-31 16:17:15.775707,Transfer,Online,Unknown,Desktop,1
TXN000853,CUST0193,82366.76,2025-12-06 16:17:15.775715,Transfer,Online,Unknown,Desktop,1
TXN000854,CUST0039,48010.02,2025-11-14 16:17:15.775722,Transfer,Online,Unknown,Desktop,1
TXN000855,CUST0116,24627.41,2025-12-18 16:17:15.775729,Transfer,Online,Unknown,Desktop,1
TXN000856,CUST0197,97528.21,2025-11-28 16:17:15.775736,Transfer,Online,Unknown,Desktop,1
TXN000857,CUST0094,90702.87,2025-12-11 16:17:15.775742,Transfer,Online,Unknown,Desktop,1
TXN000858,CUST0056,94220.18,2026-01-23 16:17:15.775752,Transfer,Online,Unknown,Desktop,1
TXN000859,CUST0141,99592.63,2026-01-04 16:17:15.775759,Transfer,Online,Unknown,Desktop,1
TXN000860,CUST0050,33911.62,2025-12-13 16:17:15.775766,Transfer,Online,Unknown,Desktop,1
TXN000861,CUST0132,51699.36,2026-01-15 16:17:15.775773,Transfer,Online,Unknown,Desktop,1
TXN000862,CUST0045,80659.08,2025-12-19 16:17:15.775781,Transfer,Online,Unknown,Desktop,1
TXN000863,CUST0037,75681.65,2025-11-28 16:17:15.775788,Transfer,Online,Unknown,Desktop,1
TXN000864,CUST0126,32311.67,2026-01-31 16:17:15.775796,Transfer,Online,Unknown,Desktop,1
TXN000865,CUST0070,85266.65,2026-01-04 16:17:15.775803,Transfer,Online,Unknown,Desktop,1
TXN000866,CUST0092,37955.25,2026-01-27 16:17:15.775811,Transfer,Online,Unknown,Desktop,1
TXN000867,CUST0140,37905.41,2025-12-13 16:17:15.775818,Transfer,Online,Unknown,Desktop,1
TXN000868,CUST0139,62957.95,2026-01-25 16:17:15.775825,Transfer,Online,Unknown,Desktop,1
TXN000869,CUST0121,67435.19,2025-12-03 16:17:15.775833,Transfer,Online,Unknown,Desktop,1
TXN000870,CUST0048,66406.9,2026-02-07 16:17:15.775840,Transfer,Online,Unknown,Desktop,1
TXN000871,CUST0080,27318.95,2026-02-10 16:17:15.775850,Transfer,Online,Unknown,Desktop,1
TXN000872,CUST0134,90196.87,2026-02-10 16:17:15.775858,Transfer,Online,Unknown,Desktop,1
TXN000873,CUST0169,41248.0,2026-01-15 16:17:15.775866,Transfer,Online,Unknown,Desktop,1
TXN000874,CUST0091,30361.19,2025-12-30 16:17:15.775874,Transfer,Online,Unknown,Desktop,1
TXN000875,CUST0157,91099.85,2025-12-16 16:17:15.775881,Transfer,Online,Unknown,Desktop,1
TXN000876,CUST0145,96452.12,2025-12-31 16:17:15.775889,Transfer,Online,Unknown,Desktop,1
TXN000877,CUST0149,88970.21,2026-01-16 16:17:15.775896,Transfer,Online,Unknown,Desktop,1
TXN000878,CUST0018,84761.29,2026-01-01 16:17:15.775904,Transfer,Online,Unknown,Desktop,1
TXN000879,CUST0012,72419.36,2025-12-16 16:17:15.775911,Transfer,Online,Unknown,Desktop,1
TXN000880,CUST0048,64068.59,2026-02-01 16:17:15.775921,Transfer,Online,Unknown,Desktop,1
TXN000881,CUST0114,26958.94,2026-02-10 16:17:15.775928,Transfer,Online,Unknown,Desktop,1
TXN000882,CUST0059,52676.26,2025-12-16 16:17:15.775936,Transfer,Online,Unknown,Desktop,1
TXN000883,CUST0129,49815.08,2025-11-21 16:17:15.775942,Transfer,Online,Unknown,Desktop,1
TXN000884,CUST0188,40780.3,2026-01-15 16:17:15.775946,Transfer,Online,Unknown,Desktop,1
TXN000885,CUST0083,77873.61,2025-12-26 16:17:15.775950,Transfer,Online,Unknown,Desktop,1
TXN000886,CUST0015,59670.06,2025-11-22 16:17:15.775954,Transfer,Online,Unknown,Desktop,1
TXN000887,CUST0200,26483.7,2025-11-19 16:17:15.775959,Transfer,Online,Unknown,Desktop,1
TXN000888,CUST0140,37614.66,2026-01-25 16:17:15.775963,Transfer,Online,Unknown,Desktop,1
TXN000889,CUST0008,74660.7,2025-11-29 16:17:15.775967,Transfer,Online,Unknown,Desktop,1
TXN000890,CUST0074,26090.47,2025-11-26 16:17:15.775975,Transfer,Online,Unknown,Desktop,1
TXN000891,CUST0078,88096.55,2025-12-02 16:17:15.775980,Transfer,Online,Unknown,Desktop,1
TXN000892,CUST0103,59611.72,2025-12-01 16:17:15.775984,Transfer,Online,Unknown,Desktop,1
TXN000893,CUST0076,58446.93,2026-01-25 16:17:15.775988,Transfer,Online,Unknown,Desktop,1
TXN000894,CUST0038,67392.62,2025-12-07 16:17:15.775992,Transfer,Online,Unknown,Desktop,1
TXN000895,CUST0038,85974.48,2026-01-25 16:17:15.775996,Transfer,Online,Unknown,Desktop,1
TXN000896,CUST0104,47824.74,2025-12-07 16:17:15.776001,Transfer,Online,Unknown,Desktop,1
TXN000897,CUST0028,74241.29,2025-12-03 16:17:15.776005,Transfer,Online,Unknown,Desktop,1
TXN000898,CUST0091,65258.56,2025-12-16 16:17:15.776009,Transfer,Online,Unknown,Desktop,1
TXN000899,CUST0032,41362.26,2025-12-31 16:17:15.776013,Transfer,Online,Unknown,Desktop,1
TXN000900,CUST0003,90290.4,2026-02-04 16:17:15.776017,Transfer,Online,Unknown,Desktop,1
TXN000901,CUST0105,83794.08,2025-12-21 16:17:15.776021,Transfer,Online,Unknown,Desktop,1
TXN000902,CUST0070,72676.15,2026-01-19 16:17:15.776026,Transfer,Online,Unknown,Desktop,1
TXN000903,CUST0145,88046.54,2026-01-01 16:17:15.776030,Transfer,Online,Unknown,Desktop,1
TXN000904,CUST0107,89383.54,2025-11-21 16:17:15.776034,Transfer,Online,Unknown,Desktop,1
TXN000905,CUST0023,76669.04,2025-11-17 16:17:15.776038,Transfer,Online,Unknown,Desktop,1
TXN000906,CUST0080,86961.07,2026-01-19 16:17:15.776042,Transfer,Online,Unknown,Desktop,1
TXN000907,CUST0193,75797.72,2025-12-11 16:17:15.776046,Transfer,Online,Unknown,Desktop,1
TXN000908,CUST0187,74411.26,2026-01-27 16:17:15.776050,Transfer,Online,Unknown,Desktop,1
TXN000909,CUST0192,69488.91,2026-01-03 16:17:15.776054,Transfer,Online,Unknown,Desktop,1
TXN000910,CUST0194,80217.33,2026-02-02 16:17:15.776061,Transfer,Online,Unknown,Desktop,1
TXN000911,CUST0052,32688.41,2026-01-30 16:17:15.776065,Transfer,Online,Unknown,Desktop,1
TXN000912,CUST0153,90469.66,2025-12-07 16:17:15.776070,Transfer,Online,Unknown,Desktop,1
TXN000913,CUST0181,89747.48,2025-12-30 16:17:15.776074,Transfer,Online,Unknown,Desktop,1
TXN000914,CUST0063,22339.78,2026-01-06 16:17:15.776078,Transfer,Online,Unknown,Desktop,1
TXN000915,CUST0017,86065.34,2025-12-06 16:17:15.776082,Transfer,Online,Unknown,Desktop,1
TXN000916,CUST0190,30309.59,2026-01-14 16:17:15.776086,Transfer,Online,Unknown,Desktop,1
TXN000917,CUST0188,46809.51,2025-12-16 16:17:15.776090,Transfer,Online,Unknown,Desktop,1
TXN000918,CUST0020,79480.66,2025-12-13 16:17:15.776094,Transfer,Online,Unknown,Desktop,1
TXN000919,CUST0078,32860.79,2025-12-29 16:17:15.776098,Transfer,Online,Unknown,Desktop,1
TXN000920,CUST0102,85437.36,2025-12-09 16:17:15.776102,Transfer,Online,Unknown,Desktop,1
TXN000921,CUST0018,86570.73,2026-01-11 16:17:15.776107,Transfer,Online,Unknown,Desktop,1
TXN000922,CUST0149,60597.42,2025-11-17 16:17:15.776114,Transfer,Online,Unknown,Desktop,1
TXN000923,CUST0090,20510.87,2026-01-20 16:17:15.776118,Transfer,Online,Unknown,Desktop,1
TXN000924,CUST0120,42963.05,2025-11-17 16:17:15.776122,Transfer,Online,Unknown,Desktop,1
TXN000925,CUST0150,69354.15,2025-12-12 16:17:15.776133,Transfer,Online,Unknown,Desktop,1
TXN000926,CUST0040,98494.89,2025-12-07 16:17:15.776140,Transfer,Online,Unknown,Desktop,1
TXN000927,CUST0095,70545.08,2026-01-09 16:17:15.776145,Transfer,Online,Unknown,Desktop,1
TXN000928,CUST0012,40784.29,2025-12-27 16:17:15.776149,Transfer,Online,Unknown,Desktop,1
TXN000929,CUST0091,70720.46,2026-01-02 16:17:15.776156,Transfer,Online,Unknown,Desktop,1
TXN000930,CUST0159,63198.83,2026-02-08 16:17:15.776160,Transfer,Online,Unknown,Desktop,1
TXN000931,CUST0075,82387.63,2026-01-15 16:17:15.776164,Transfer,Online,Unknown,Desktop,1
TXN000932,CUST0035,28558.45,2025-12-16 16:17:15.776168,Transfer,Online,Unknown,Desktop,1
TXN000933,CUST0002,80882.23,2026-01-11 16:17:15.776173,Transfer,Online,Unknown,Desktop,1
TXN000934,CUST0040,63301.33,2025-11-19 16:17:15.776177,Transfer,Online,Unknown,Desktop,1
TXN000935,CUST0016,97039.36,2026-02-02 16:17:15.776181,Transfer,Online,Unknown,Desktop,1
TXN000936,CUST0157,47349.77,2025-11-18 16:17:15.776185,Transfer,Online,Unknown,Desktop,1
TXN000937,CUST0084,70609.75,2025-11-24 16:17:15.776189,Transfer,Online,Unknown,Desktop,1
TXN000938,CUST0109,94562.25,2025-12-01 16:17:15.776193,Transfer,Online,Unknown,Desktop,1
TXN000939,CUST0009,28200.78,2025-12-28 16:17:15.776198,Transfer,Online,Unknown,Desktop,1
TXN000940,CUST0134,94978.28,2025-11-26 16:17:15.776202,Transfer,Online,Unknown,Desktop,1
TXN000941,CUST0013,75030.86,2025-12-09 16:17:15.776206,Transfer,Online,Unknown,Desktop,1
TXN000942,CUST0016,25426.96,2025-11-19 16:17:15.776210,Transfer,Online,Unknown,Desktop,1
TXN000943,CUST0198,44077.09,2026-01-26 16:17:15.776214,Transfer,Online,Unknown,Desktop,1
TXN000944,CUST0033,76653.77,2025-11-13 16:17:15.776218,Transfer,Online,Unknown,Desktop,1
TXN000945,CUST0187,25388.05,2026-01-03 16:17:15.776222,Transfer,Online,Unknown,Desktop,1
TXN000946,CUST0159,66573.64,2026-02-01 16:17:15.776226,Transfer,Online,Unknown,Desktop,1
TXN000947,CUST0084,47670.64,2025-11-26 16:17:15.776230,Transfer,Online,Unknown,Desktop,1
TXN000948,CUST0023,69673.24,2026-01-19 16:17:15.776237,Transfer,Online,Unknown,Desktop,1
TXN000949,CUST0083,23659.36,2026-02-10 16:17:15.776243,Transfer,Online,Unknown,Desktop,1
TXN000950,CUST0155,89722.94,2026-01-06 16:17:15.776247,Transfer,Online,Unknown,Desktop,1
TXN000951,CUST0082,97879.12,2026-01-16 16:17:15.776251,Transfer,Online,Unknown,Desktop,1
TXN000952,CUST0111,97510.23,2026-02-03 16:17:15.776257,Transfer,Online,Unknown,Desktop,1
TXN000953,CUST0023,79972.15,2025-12-21 16:17:15.776266,Transfer,Online,Unknown,Desktop,1
TXN000954,CUST0011,30406.9,2026-01-29 16:17:15.776274,Transfer,Online,Unknown,Desktop,1
TXN000955,CUST0026,80661.06,2025-11-28 16:17:15.776281,Transfer,Online,Unknown,Desktop,1
TXN000956,CUST0038,21966.95,2025-11-25 16:17:15.776288,Transfer,Online,Unknown,Desktop,1
TXN000957,CUST0086,21769.88,2025-11-26 16:17:15.776296,Transfer,Online,Unknown,Desktop,1
TXN000958,CUST0132,45888.82,2026-01-23 16:17:15.776303,Transfer,Online,Unknown,Desktop,1
TXN000959,CUST0157,59091.46,2025-11-23 16:17:15.776308,Transfer,Online,Unknown,Desktop,1
TXN000960,CUST0110,81632.59,2026-01-08 16:17:15.776312,Transfer,Online,Unknown,Desktop,1
TXN000961,CUST0188,74663.63,2026-01-24 16:17:15.776316,Transfer,Online,Unknown,Desktop,1
TXN000962,CUST0030,55672.22,2025-12-06 16:17:15.776321,Transfer,Online,Unknown,Desktop,1
TXN000963,CUST0029,41890.13,2026-01-22 16:17:15.776325,Transfer,Online,Unknown,Desktop,1
TXN000964,CUST0125,99769.96,2026-01-08 16:17:15.776329,Transfer,Online,Unknown,Desktop,1
TXN000965,CUST0069,54094.5,2025-12-06 16:17:15.776336,Transfer,Online,Unknown,Desktop,1
TXN000966,CUST0053,56110.96,2025-11-29 16:17:15.776340,Transfer,Online,Unknown,Desktop,1
TXN000967,CUST0189,33089.91,2025-12-01 16:17:15.776344,Transfer,Online,Unknown,Desktop,1
TXN000968,CUST0066,83584.76,2026-02-01 16:17:15.776350,Transfer,Online,Unknown,Desktop,1
TXN000969,CUST0121,75494.58,2025-12-27 16:17:15.776355,Transfer,Online,Unknown,Desktop,1
TXN000970,CUST0194,37661.57,2026-02-01 16:17:15.776359,Transfer,Online,Unknown,Desktop,1
TXN000971,CUST0171,26590.48,2025-12-15 16:17:15.776366,Transfer,Online,Unknown,Desktop,1
TXN000972,CUST0041,74439.94,2025-12-29 16:17:15.776373,Transfer,Online,Unknown,Desktop,1
TXN000973,CUST0086,72360.9,2026-01-28 16:17:15.776380,Transfer,Online,Unknown,Desktop,1
TXN000974,CUST0106,41860.76,2025-12-15 16:17:15.776388,Transfer,Online,Unknown,Desktop,1
TXN000975,CUST0027,96069.08,2026-01-02 16:17:15.776395,Transfer,Online,Unknown,Desktop,1
TXN000976,CUST0003,32084.63,2025-12-09 16:17:15.776403,Transfer,Online,Unknown,Desktop,1
TXN000977,CUST0198,54586.78,2025-12-08 16:17:15.776410,Transfer,Online,Unknown,Desktop,1
TXN000978,CUST0009,95489.27,2026-01-21 16:17:15.776414,Transfer,Online,Unknown,Desktop,1
TXN000979,CUST0028,53578.19,2026-01-11 16:17:15.776419,Transfer,Online,Unknown,Desktop,1
TXN000980,CUST0147,71082.08,2025-11-18 16:17:15.776423,Transfer,Online,Unknown,Desktop,1
TXN000981,CUST0169,51807.55,2025-12-23 16:17:15.776427,Transfer,Online,Unknown,Desktop,1
TXN000982,CUST0070,41937.22,2025-12-23 16:17:15.776431,Transfer,Online,Unknown,Desktop,1
TXN000983,CUST0155,98718.21,2025-12-02 16:17:15.776435,Transfer,Online,Unknown,Desktop,1
TXN000984,CUST0175,52746.72,2026-01-20 16:17:15.776439,Transfer,Online,Unknown,Desktop,1
TXN000985,CUST0153,91527.94,2025-11-14 16:17:15.776446,Transfer,Online,Unknown,Desktop,1
TXN000986,CUST0065,38396.37,2026-02-07 16:17:15.776450,Transfer,Online,Unknown,Desktop,1
TXN000987,CUST0101,37048.38,2025-12-29 16:17:15.776455,Transfer,Online,Unknown,Desktop,1
TXN000988,CUST0156,22490.73,2026-01-09 16:17:15.776461,Transfer,Online,Unknown,Desktop,1
TXN000989,CUST0172,72133.35,2026-01-07 16:17:15.776465,Transfer,Online,Unknown,Desktop,1
TXN000990,CUST0161,49482.11,2025-11-14 16:17:15.776470,Transfer,Online,Unknown,Desktop,1
TXN000991,CUST0126,89148.66,2025-12-22 16:17:15.776474,Transfer,Online,Unknown,Desktop,1
TXN000992,CUST0024,57856.79,2025-12-09 16:17:15.776478,Transfer,Online,Unknown,Desktop,1
TXN000993,CUST0049,97455.47,2025-12-13 16:17:15.776482,Transfer,Online,Unknown,Desktop,1
TXN000994,CUST0126,34842.04,2026-01-24 16:17:15.776486,Transfer,Online,Unknown,Desktop,1
TXN000995,CUST0038,89489.85,2025-12-03 16:17:15.776490,Transfer,Online,Unknown,Desktop,1
TXN000996,CUST0134,82127.75,2026-01-15 16:17:15.776494,Transfer,Online,Unknown,Desktop,1
TXN000997,CUST0100,81673.75,2025-12-31 16:17:15.776498,Transfer,Online,Unknown,Desktop,1
TXN000998,CUST0053,87582.66,2026-01-09 16:17:15.776503,Transfer,Online,Unknown,Desktop,1
TXN000999,CUST0155,80881.92,2026-01-21 16:17:15.776527,Transfer,Online,Unknown,Desktop,1
TXN001000,CUST0179,70097.63,2025-12-01 16:17:15.776533,Transfer,Online,Unknown,Desktop,1
